-- phpMyAdmin SQL Dump
-- version 4.7.7
-- https://www.phpmyadmin.net/
--
-- Hôte : localhost:8889
-- Généré le :  lun. 03 déc. 2018 à 13:21
-- Version du serveur :  5.6.38
-- Version de PHP :  7.2.1

SET SQL_MODE = "NO_AUTO_VALUE_ON_ZERO";
SET time_zone = "+00:00";

--
-- Base de données :  `horaires-salles`
--

-- --------------------------------------------------------

--
-- Structure de la table `courses`
--

CREATE TABLE `courses` (
  `course_id` int(11) NOT NULL,
  `name` varchar(1000) DEFAULT NULL
) ENGINE=InnoDB DEFAULT CHARSET=utf8;

--
-- Déchargement des données de la table `courses`
--

INSERT INTO `courses` (`course_id`, `name`) VALUES
(637, 'Allemand 1'),
(638, 'Deutsch Grundkurs 1'),
(639, 'Maths. 1/Physique 1/All. 1'),
(640, 'All. 1/Dét. constr. B/Phys. 1/Maths. 1'),
(641, 'Expr. informatique 3D'),
(642, 'Anglais 1'),
(643, 'Dévelop. durable 3'),
(644, 'Algèbre linéaire 1'),
(645, 'Méthodologie'),
(646, 'Programmation & TP'),
(647, 'Analyse 1'),
(648, 'Communication 1'),
(649, 'Technique numérique 1'),
(650, 'Téléinformatique 1'),
(651, 'CVSE 1'),
(652, 'Dévelop. durable 1'),
(653, 'Lineare Algebra 1'),
(654, 'Analysis 1'),
(655, 'Kommunikation 1'),
(656, 'Techniques de réactions 1'),
(657, 'Génie chimique 3'),
(658, 'Modélisation et simulation'),
(659, 'Génie des procédés 3'),
(660, 'Procédés de séparation'),
(661, 'Biotechnologie'),
(662, 'Chimie physique 3'),
(663, 'Chimie organique 5'),
(664, 'Construction/Kunstruktionslehre 1'),
(665, 'Activités interdisciplinaires 1'),
(666, 'Modélisation et calcul info. des structures'),
(667, 'Constr. acier 1'),
(668, 'Conservation d\'ouvrage 1'),
(669, 'Constr. béton 3'),
(670, 'Hydraulique urbaine'),
(671, 'Ouvrages géotechniques'),
(672, 'Routes et transports 1'),
(673, 'Aménagement du territoire'),
(674, 'Constr. bois 1'),
(675, 'Projet de semestre 3'),
(676, 'Traitement des eaux usées'),
(677, 'Administration'),
(678, 'Constr. ville'),
(679, 'Projet d\'architecture 1'),
(680, 'Statique 1'),
(681, 'Sém. constr./Konstruktionssem. 1'),
(682, 'Théorie de l\'archi. 1'),
(683, 'Gestion et droit 1'),
(684, 'Se documenter'),
(685, 'Matériaux de l\'ingénieur 1'),
(686, 'Bilan d\'énergie'),
(687, 'Histoire de l\'archi. 3'),
(688, 'Structure  1'),
(689, 'Histoire de l\'archi. 5'),
(690, 'Histoire de l\'architecture 1'),
(691, 'Génie des procédés 1'),
(692, 'Analyse instrumentale'),
(693, 'Génie chimique 1'),
(694, 'Analyse 3'),
(695, 'Chimie physique 1'),
(696, 'Régulation 1'),
(697, 'Automatisation 1'),
(698, 'Analyse spectrale'),
(699, 'Chimie organique 3'),
(700, 'TP Chi phy1/ Ana instr 2'),
(701, 'MLS-S01'),
(702, 'MLS-S05'),
(703, 'MLS-S04'),
(704, 'Coachings'),
(705, 'TP Chimie Organique 1'),
(706, 'TP Chi Org1/Phy3'),
(707, 'TP Chimie gén &ana 1'),
(708, 'TP Physique 3'),
(709, 'TP 31 Physique 3'),
(710, 'Physik 1'),
(711, 'Physique 1'),
(712, 'Physique 3'),
(713, 'Electrotechnique'),
(714, 'Physique TIC 1'),
(715, 'Construction 3/Konstruktionslehre 3'),
(716, 'Physique du bâtiment 1'),
(717, 'Métrologie'),
(718, 'Gestion et droit 3'),
(719, 'Physique du bâtiment 3'),
(720, 'Structure 3'),
(721, 'Physik 3'),
(722, 'ex. renov. énerg./energ. Sanierung'),
(723, 'Séminaire S3'),
(724, 'Electromécanique'),
(725, 'DAO/Dessin'),
(726, 'Mathématiques'),
(727, 'Communication'),
(728, 'Prescriptions de métrage et métrés'),
(729, 'Construction de routes'),
(730, 'Analyse de prix'),
(731, 'Installations et programmes'),
(732, 'Statique et RDM'),
(733, 'Inventaire de chantier'),
(734, 'Topométrie'),
(735, 'Conduite des travaux'),
(736, 'Technologie des matériaux'),
(737, 'Conduite du personnel'),
(738, 'Construction du bâtiment'),
(739, 'Allemand'),
(740, 'Machines de chantier'),
(741, 'Informatique'),
(742, 'Devis et avant-métrés'),
(743, 'Construction en béton'),
(744, 'Physique du bâtiment'),
(745, 'Fondations, sous-oeuvres'),
(746, 'Statique et rés. mat./CVSE'),
(747, 'Géotechnique'),
(748, 'Comptabilité d\'entreprise et économie'),
(749, 'Laboratoire des matériaux'),
(750, 'Droit'),
(751, 'TP Rés. et appl. IT/Syst. d\'info'),
(752, 'TP 52 Trait. signal/Concep élec/de sys num'),
(753, 'Conception électronique'),
(754, 'TP Systèmes d\'exploitation 1'),
(755, 'TP Systèmes embarqués 1'),
(756, 'TP 51 Circ. intégrés & Haute fréq/Info tech'),
(757, 'TP Sécurité IT 1'),
(758, 'Projet TIC'),
(759, 'TP Tec. tel./Sys. emb.'),
(760, 'TP Trait. images/Tec. tel./Sys. emb.'),
(761, 'TP Embedded Systems 1'),
(762, 'CSEL1'),
(763, 'IPR'),
(764, 'NSA'),
(765, 'Réseaux et applications IT 1'),
(766, 'Systèmes d\'information 2'),
(767, 'Betriebswirtschaft/Economie d\'entreprise'),
(768, 'Projet de semestre 5'),
(769, 'Systèmes embarqués 3'),
(770, 'TP Traitement images et Audio'),
(771, 'Recherche opérationnelle'),
(772, 'Architectures des réseaux'),
(773, 'Modelisation de processus'),
(774, 'Traitement images & audio'),
(775, 'Téléinformatique'),
(776, 'TP Tech. num1/Téléinf1'),
(777, 'TP Tech. num./Teleinfo 1'),
(778, 'TP Rés IP1/Sys d\'expl1'),
(779, 'TP Num. Technik/Teleinf. 1'),
(780, 'TP Repr de l\'info/Teleinf.1'),
(781, 'TP Architectures des réseaux'),
(782, 'Betriebswirtschaft'),
(783, 'Chimie analytique 1'),
(784, 'Informatique 1'),
(785, 'Allgemeine und anorganische Chemie 1'),
(786, 'Chimie organique 1'),
(787, 'Séminaires & Visites / Administration'),
(788, 'Séminaires & Visites'),
(789, 'Initiation a la conception'),
(790, 'Physique et simulation'),
(791, 'Economie d\'entreprise'),
(792, 'Statique'),
(793, 'Gestion de projet'),
(794, 'Statistiques'),
(795, 'Bases de données 1'),
(796, 'Mathématiques spécifiques 1'),
(797, 'TP Bases de données'),
(798, 'Génie logiciel 1 & TP'),
(799, 'Algorithmique 2'),
(800, 'Systèmes embarqués 1'),
(801, 'Programmation concurrente 1'),
(802, 'Construction en béton 1'),
(803, 'Géotechnique, mécanique des sols 1'),
(804, 'Résistance des matériaux 1'),
(805, 'Construction et environnement 1'),
(806, 'Hydraulique générale 1'),
(807, 'Systèmes d\'information du territoire'),
(808, 'Hydraulik 1'),
(809, 'Gestion de la construction 1'),
(810, 'Technol. des matériaux 1 & TP'),
(811, 'Analysis 3'),
(812, 'Calcul des structures 1'),
(813, 'Mensuration 1'),
(814, 'Bases environnementales 1'),
(815, 'Methodologie'),
(816, 'Génie logiciel'),
(817, 'Réseaux IP 1'),
(818, 'ProjektManagement'),
(819, 'Signaux et systèmes électroniques'),
(820, 'Systèmes numériques 1'),
(821, 'Systèmes d\'exploitation'),
(822, 'All. 1/Photo 1/Détails constr. A'),
(823, 'Embedded Systems 1'),
(824, 'Mathématiques 1'),
(825, 'Projet E-commerce'),
(826, 'Englisch 1'),
(827, 'Comptabilité générale'),
(828, 'E-Marketing'),
(829, 'Analyse financière'),
(830, 'Phys. 1/Maths. 1/Hist. de l\'art'),
(831, 'Numerische Technik 1'),
(832, 'Teleinformatik 1'),
(833, 'Programmierung & TP'),
(834, 'Représentation de l\'information'),
(835, 'Digitales Entwerfen'),
(836, 'Expr. informatique 3'),
(837, 'Baustatik 1'),
(838, 'Grundlagen Umweltwissenschaften 1'),
(839, 'Architekturgesch. 3'),
(840, 'Anglais/Archi & immo./Déf. ses idées'),
(841, 'Kunstbewegungen/Français'),
(842, 'Architekturgeschichte 1'),
(843, 'TP Matériaux de l\'ing./Autom. Industr.'),
(844, 'Französisch 1/Techn. Deutsch 1'),
(845, 'DFS'),
(846, 'Aérodynamique'),
(847, 'Projet de semestre'),
(848, 'CAO 1'),
(849, 'Elektrotechnik 1'),
(850, 'Anglais'),
(851, 'TP GM'),
(852, 'Moteur a combustion interne 1'),
(853, 'Transmission hydrostatique 1'),
(854, 'Automatique'),
(855, 'Projet P4'),
(856, 'Analyse de structures FEM'),
(857, 'Mécanique des fluides 2'),
(858, 'Gestion de production'),
(859, 'Thermodynamique 2'),
(860, 'Transfert de chaleur et de masse'),
(861, 'Dynamique des systèmes mécaniques 3D'),
(862, 'Schwingungslehre'),
(863, 'Simulation CFD'),
(864, 'MEMSD'),
(865, 'Conception plastique 1'),
(866, 'Polymères et matériaux innovants'),
(867, 'Structures légères et composites 1'),
(868, 'Conception de machines'),
(869, 'Projet de conception P2'),
(870, 'Eléments de machines 1'),
(871, 'Résistance des matériaux 2'),
(872, 'Funktionelle Auslegung'),
(873, 'Automatismes industriels'),
(874, 'Matériaux de l\'ingénieur 3'),
(875, 'Dynamik von mechanischen Systemen 1'),
(876, 'Systèmes d\'entrainement'),
(877, 'Signaux & systèmes 1'),
(878, 'Projektmanagement'),
(879, 'Elektronik 1'),
(880, 'Projet Communication visuelle'),
(881, 'Electricité 2'),
(882, 'Statistik'),
(883, 'EX 21 Signaux et systèmes électroniques'),
(884, 'Numerische Mathematik'),
(885, 'Algorithmen'),
(886, 'Mathématiques numériques'),
(887, 'Electronique 1'),
(888, 'Algorithmes'),
(889, 'Traitement du signal'),
(890, 'Circuits int. et a haute fréquence'),
(891, 'Informatique technique 2'),
(892, 'Conception syst. numériques'),
(893, 'Génie logiciel 2'),
(894, 'Interface homme-machine 2'),
(895, 'Programmation C et C++'),
(896, 'Programmation avancée Java'),
(897, 'Chap. spéc. 1 : NoSQL'),
(898, 'Chap. spéc. 2 : Trait. image et vision'),
(899, 'Chap. spéc. 3 : Adv. Interfaces & Wearable'),
(900, 'Bases de données 2'),
(901, 'Programmation logique'),
(902, 'Développement mobile Cross Plate-Forme'),
(903, 'Applications mobiles 2'),
(904, 'Programmation'),
(905, 'Mathematik 1'),
(906, 'Electricité 1'),
(907, 'Matériaux'),
(908, 'Systèmes logiques'),
(909, 'Techniques des télécoms 1'),
(910, 'Réseaux électriques 1'),
(911, 'Electrom. et entr. él. 1'),
(912, 'Electronique de puis. 1'),
(913, 'Smart Energy Systems 1'),
(914, 'Machines électriques 1'),
(915, 'Automatique 2'),
(916, 'Haute tension 1'),
(917, 'Technologie Internet'),
(918, 'Projet d\'architecture 3'),
(919, 'Entwurfslehre 3'),
(920, 'Expression plastique 3'),
(921, 'A dispo : ex. interdisciplinaires'),
(922, 'Projet d\'architecture 5'),
(923, 'Entwurfslehre 5'),
(924, 'Expression plast. et design 5'),
(925, 'TP 52 Réseaux El1/Haute tension1'),
(926, 'TP 53 El. de puis/Electrom. et entr. él. 1'),
(927, 'TP 32 Electroméc/Elektronik1'),
(928, 'TP 51 Mach El1/Autom2'),
(929, 'TP 32 Electroméc/Electroniq1'),
(930, 'TP 11 Métro/Syst logiques'),
(931, 'Tech. num. + électronique'),
(932, 'TP Sign & sys él./Sys num1'),
(933, 'TP Représentation de l\'information'),
(934, 'TP Chimie industrielle 1'),
(935, 'Business plan'),
(936, 'F-Energy'),
(937, 'F-Physics'),
(938, 'T-Product'),
(939, 'T-EmbReal'),
(940, 'ASE'),
(941, 'T-AdvTherm'),
(942, 'T-MachLe'),
(943, 'MPRI'),
(944, 'C-QRM-A'),
(945, 'MPIT'),
(946, 'F-AppStat-A'),
(947, 'F-CompAlg-A'),
(948, 'T-MobOp'),
(949, 'SeS'),
(950, 'DYN'),
(951, 'C-Ethics-A'),
(952, 'MAGHY'),
(953, 'T-NewIPArc'),
(954, 'Cours UNIFR'),
(955, 'EPR');

-- --------------------------------------------------------

--
-- Structure de la table `registrations`
--

CREATE TABLE `registrations` (
  `registration_id` int(11) NOT NULL,
  `weekday_id` int(11) DEFAULT NULL,
  `course_id` int(11) DEFAULT NULL,
  `room_id` int(11) DEFAULT NULL
) ENGINE=InnoDB DEFAULT CHARSET=utf8;

--
-- Déchargement des données de la table `registrations`
--

INSERT INTO `registrations` (`registration_id`, `weekday_id`, `course_id`, `room_id`) VALUES
(1, 1, 637, 2),
(2, 1, 637, 2),
(3, 2, 637, 2),
(4, 2, 637, 2),
(5, 4, 637, 2),
(6, 4, 637, 2),
(7, 4, 638, 2),
(8, 5, 639, 2),
(9, 5, 637, 2),
(10, 5, 640, 2),
(11, 5, 641, 3),
(12, 1, 637, 4),
(13, 3, 642, 4),
(14, 5, 641, 4),
(15, 1, 643, 5),
(16, 1, 644, 5),
(17, 1, 645, 5),
(18, 2, 642, 5),
(19, 2, 646, 5),
(20, 3, 647, 5),
(21, 3, 642, 5),
(22, 3, 648, 5),
(23, 4, 649, 5),
(24, 4, 646, 5),
(25, 4, 647, 5),
(26, 5, 641, 5),
(27, 5, 650, 5),
(28, 5, 644, 5),
(29, 1, 651, 6),
(30, 1, 652, 6),
(31, 3, 653, 6),
(32, 3, 654, 6),
(33, 5, 655, 6),
(34, 5, 653, 6),
(35, 1, 637, 7),
(36, 1, 644, 7),
(37, 1, 645, 7),
(38, 2, 642, 7),
(39, 2, 647, 7),
(40, 3, 646, 7),
(41, 3, 650, 7),
(42, 4, 646, 7),
(43, 4, 649, 7),
(44, 4, 647, 7),
(45, 5, 644, 7),
(46, 5, 648, 7),
(47, 1, 656, 8),
(48, 1, 657, 8),
(49, 1, 658, 8),
(50, 2, 659, 8),
(51, 2, 660, 8),
(52, 2, 661, 8),
(53, 3, 662, 8),
(54, 3, 663, 8),
(55, 3, 656, 8),
(56, 5, 641, 8),
(57, 1, 643, 9),
(58, 1, 652, 9),
(59, 3, 664, 9),
(60, 4, 665, 9),
(61, 1, 666, 10),
(62, 1, 667, 10),
(63, 1, 668, 10),
(64, 1, 669, 10),
(65, 2, 670, 10),
(66, 2, 671, 10),
(67, 2, 672, 10),
(68, 2, 673, 10),
(69, 3, 674, 10),
(70, 3, 675, 10),
(71, 4, 668, 10),
(72, 4, 672, 10),
(73, 4, 667, 10),
(74, 4, 671, 10),
(75, 5, 670, 10),
(76, 5, 676, 10),
(77, 5, 669, 10),
(78, 5, 677, 10),
(79, 1, 651, 11),
(80, 1, 678, 11),
(81, 1, 679, 11),
(82, 2, 679, 11),
(83, 2, 679, 11),
(84, 3, 680, 11),
(85, 3, 664, 11),
(86, 3, 681, 11),
(87, 4, 682, 11),
(88, 4, 683, 11),
(89, 4, 665, 11),
(90, 1, 684, 12),
(91, 1, 685, 12),
(92, 3, 686, 12),
(93, 3, 687, 12),
(94, 5, 688, 12),
(95, 5, 689, 12),
(96, 5, 690, 12),
(97, 1, 691, 13),
(98, 1, 692, 13),
(99, 2, 693, 13),
(100, 3, 694, 13),
(101, 3, 695, 13),
(102, 4, 696, 13),
(103, 4, 694, 13),
(104, 4, 697, 13),
(105, 4, 698, 13),
(106, 5, 695, 13),
(107, 5, 692, 13),
(108, 5, 699, 13),
(109, 4, 700, 14),
(110, 4, 700, 14),
(111, 1, 701, 15),
(112, 1, 702, 15),
(113, 2, 703, 15),
(114, 2, 702, 15),
(115, 3, 704, 15),
(116, 1, 705, 16),
(117, 2, 705, 16),
(118, 3, 706, 16),
(119, 1, 707, 17),
(120, 5, 707, 17),
(121, 4, 700, 18),
(122, 4, 700, 18),
(123, 2, 708, 19),
(124, 2, 709, 19),
(125, 3, 706, 19),
(126, 4, 708, 19),
(127, 4, 709, 19),
(128, 1, 710, 20),
(129, 1, 711, 20),
(130, 2, 710, 20),
(131, 2, 712, 20),
(132, 2, 711, 20),
(133, 2, 712, 20),
(134, 3, 710, 20),
(135, 3, 712, 20),
(136, 3, 710, 20),
(137, 4, 711, 20),
(138, 4, 713, 20),
(139, 5, 711, 20),
(140, 3, 714, 21),
(141, 3, 711, 21),
(142, 4, 714, 21),
(143, 5, 639, 21),
(144, 5, 715, 21),
(145, 3, 716, 22),
(146, 3, 717, 22),
(147, 4, 718, 22),
(148, 4, 719, 22),
(149, 4, 720, 22),
(150, 5, 715, 22),
(151, 1, 711, 23),
(152, 1, 711, 23),
(153, 2, 721, 23),
(154, 2, 711, 23),
(155, 2, 711, 23),
(156, 3, 711, 23),
(157, 3, 722, 23),
(158, 4, 711, 23),
(159, 4, 723, 23),
(160, 5, 711, 23),
(161, 5, 724, 23),
(162, 1, 679, 26),
(163, 2, 679, 26),
(164, 2, 679, 26),
(165, 3, 681, 26),
(166, 4, 725, 27),
(167, 4, 725, 27),
(168, 4, 725, 28),
(169, 1, 726, 29),
(170, 1, 727, 29),
(171, 1, 728, 29),
(172, 1, 729, 29),
(173, 2, 730, 29),
(174, 2, 731, 29),
(175, 2, 732, 29),
(176, 2, 733, 29),
(177, 3, 734, 29),
(178, 3, 735, 29),
(179, 3, 736, 29),
(180, 3, 737, 29),
(181, 4, 738, 29),
(182, 4, 739, 29),
(183, 4, 740, 29),
(184, 5, 726, 29),
(185, 5, 741, 29),
(186, 1, 727, 30),
(187, 1, 742, 30),
(188, 1, 743, 30),
(189, 1, 744, 30),
(190, 2, 731, 30),
(191, 2, 730, 30),
(192, 2, 745, 30),
(193, 2, 746, 30),
(194, 3, 735, 30),
(195, 3, 747, 30),
(196, 3, 748, 30),
(197, 3, 749, 30),
(198, 4, 738, 30),
(199, 4, 750, 30),
(200, 4, 665, 30),
(201, 5, 739, 30),
(202, 5, 740, 30),
(203, 5, 729, 30),
(204, 4, 725, 31),
(205, 4, 725, 31),
(206, 4, 739, 32),
(207, 4, 725, 33),
(208, 4, 725, 33),
(209, 5, 739, 33),
(210, 2, 751, 35),
(211, 4, 752, 35),
(212, 4, 753, 35),
(213, 5, 754, 35),
(214, 1, 755, 37),
(215, 1, 756, 37),
(216, 2, 757, 37),
(217, 2, 755, 37),
(218, 3, 758, 37),
(219, 4, 759, 37),
(220, 4, 760, 37),
(221, 4, 761, 37),
(222, 5, 762, 37),
(223, 2, 757, 39),
(224, 3, 758, 39),
(225, 5, 763, 39),
(226, 5, 764, 39),
(227, 1, 677, 40),
(228, 1, 765, 40),
(229, 1, 766, 40),
(230, 1, 767, 40),
(231, 3, 768, 40),
(232, 3, 769, 40),
(233, 3, 770, 40),
(234, 4, 771, 40),
(235, 4, 772, 40),
(236, 4, 773, 40),
(237, 5, 774, 40),
(238, 5, 771, 40),
(239, 2, 775, 41),
(240, 2, 775, 41),
(241, 3, 768, 41),
(242, 3, 758, 41),
(243, 4, 776, 41),
(244, 3, 768, 42),
(245, 1, 777, 43),
(246, 1, 778, 43),
(247, 2, 779, 43),
(248, 2, 780, 43),
(249, 2, 751, 43),
(250, 3, 758, 43),
(251, 4, 759, 43),
(252, 4, 760, 43),
(253, 5, 781, 43),
(254, 5, 777, 43),
(255, 1, 648, 44),
(256, 1, 644, 44),
(257, 1, 782, 44),
(258, 2, 647, 44),
(259, 2, 783, 44),
(260, 2, 653, 44),
(261, 3, 644, 44),
(262, 3, 784, 44),
(263, 3, 717, 44),
(264, 3, 785, 44),
(265, 4, 647, 44),
(266, 4, 785, 44),
(267, 4, 786, 44),
(268, 4, 637, 44),
(269, 5, 654, 44),
(270, 5, 787, 44),
(271, 5, 788, 44),
(272, 1, NULL, 45),
(273, 1, 642, 45),
(274, 2, 790, 45),
(275, 2, 644, 45),
(276, 2, 791, 45),
(277, 2, 792, 45),
(278, 3, 716, 45),
(279, 3, 647, 45),
(280, 4, 654, 45),
(281, 4, 647, 45),
(282, 4, 792, 45),
(283, 5, 644, 45),
(284, 5, NULL, 45),
(285, 5, 637, 45),
(286, 5, 648, 45),
(287, 1, 793, 46),
(288, 1, 794, 46),
(289, 1, 795, 46),
(290, 1, 796, 46),
(291, 2, 797, 46),
(292, 2, 792, 46),
(293, 2, 644, 46),
(294, 3, 796, 46),
(295, 3, 798, 46),
(296, 3, 799, 46),
(297, 3, 677, 46),
(298, 4, 798, 46),
(299, 4, 800, 46),
(300, 5, 754, 46),
(301, 5, 801, 46),
(302, 1, 802, 47),
(303, 1, 803, 47),
(304, 1, 804, 47),
(305, 2, 805, 47),
(306, 2, 806, 47),
(307, 2, 791, 47),
(308, 3, 806, 47),
(309, 3, 807, 47),
(310, 3, 803, 47),
(311, 3, 808, 47),
(312, 4, 804, 47),
(313, 4, 694, 47),
(314, 4, 792, 47),
(315, 5, 809, 47),
(316, 5, 802, 47),
(317, 5, 694, 47),
(318, 5, 677, 47),
(319, 1, 724, 48),
(320, 1, 645, 48),
(321, 1, 810, 48),
(322, 2, 644, 48),
(323, 2, 811, 48),
(324, 2, 812, 48),
(325, 3, 642, 48),
(326, 3, 811, 48),
(327, 3, 813, 48),
(328, 3, 647, 48),
(329, 4, 637, 48),
(330, 4, 648, 48),
(331, 4, 812, 48),
(332, 4, 677, 48),
(333, 5, 647, 48),
(334, 5, 644, 48),
(335, 5, 814, 48),
(336, 1, 815, 49),
(337, 1, 778, 49),
(338, 2, 796, 49),
(339, 2, 816, 49),
(340, 2, 817, 49),
(341, 2, 818, 49),
(342, 3, 819, 49),
(343, 3, NULL, 49),
(344, 3, 677, 49),
(345, 4, 820, 49),
(346, 4, 794, 49),
(347, 4, 800, 49),
(348, 4, 677, 49),
(349, 5, 821, 49),
(350, 5, 816, 49),
(351, 5, 796, 49),
(352, 5, 793, 49),
(353, 1, 822, 50),
(354, 1, 823, 50),
(355, 1, 824, 50),
(356, 1, 782, 50),
(357, 1, 767, 50),
(358, 2, 825, 50),
(359, 2, 826, 50),
(360, 2, 827, 50),
(361, 3, 828, 50),
(362, 3, 829, 50),
(363, 4, 825, 50),
(364, 4, 665, 50),
(365, 5, 639, 50),
(366, 5, 830, 50),
(367, 5, 711, 50),
(368, 5, 640, 50),
(369, 1, 822, 51),
(370, 1, 642, 51),
(371, 1, 831, 51),
(372, 1, 832, 51),
(373, 2, 648, 51),
(374, 2, 647, 51),
(375, 2, 833, 51),
(376, 2, 642, 51),
(377, 3, 834, 51),
(378, 3, 835, 51),
(379, 3, 836, 51),
(380, 4, 837, 51),
(381, 5, 639, 51),
(382, 5, 830, 51),
(383, 5, 833, 51),
(384, 1, 822, 52),
(385, 1, 637, 52),
(386, 1, 642, 52),
(387, 2, 637, 52),
(388, 2, 838, 52),
(389, 3, 642, 52),
(390, 3, 824, 52),
(391, 3, 836, 52),
(392, 4, 725, 52),
(393, 4, 725, 52),
(394, 5, 647, 52),
(395, 5, 830, 52),
(396, 5, 837, 52),
(397, 5, 640, 52),
(398, 1, 822, 53),
(399, 3, 722, 53),
(400, 3, 839, 53),
(401, 4, 840, 53),
(402, 5, 841, 53),
(403, 5, 842, 53),
(404, 1, 679, 54),
(405, 2, 679, 54),
(406, 2, 679, 54),
(407, 3, 681, 54),
(408, 4, 725, 54),
(409, 4, 725, 54),
(410, 1, 679, 55),
(411, 2, 679, 55),
(412, 2, 679, 55),
(413, 3, 681, 55),
(414, 4, 725, 55),
(415, 1, 679, 56),
(416, 2, 679, 56),
(417, 2, 679, 56),
(418, 3, 681, 56),
(419, 4, 725, 56),
(420, 4, 725, 56),
(421, 2, 843, 57),
(422, 1, 822, 58),
(423, 1, 844, 58),
(424, 2, 843, 58),
(425, 3, 811, 58),
(426, 3, 836, 58),
(427, 3, 642, 58),
(428, 4, 845, 58),
(429, 4, 665, 58),
(430, 5, 639, 58),
(431, 5, 830, 58),
(432, 5, 640, 58),
(433, 1, 642, 59),
(434, 1, 844, 59),
(435, 1, 846, 59),
(436, 3, 847, 59),
(437, 3, 836, 59),
(438, 3, 848, 59),
(439, 4, 849, 59),
(440, 4, 811, 59),
(441, 4, 677, 59),
(442, 4, 840, 59),
(443, 4, 850, 59),
(444, 5, 826, 59),
(445, 5, 841, 59),
(446, 5, 851, 59),
(447, 2, 843, 60),
(448, 1, NULL, 61),
(449, 1, 853, 61),
(450, 2, 854, 61),
(451, 2, 791, 61),
(452, 2, 717, 61),
(453, 3, 855, 61),
(454, 3, 856, 61),
(455, 3, 857, 61),
(456, 4, 858, 61),
(457, 4, 859, 61),
(458, 4, 860, 61),
(459, 4, 861, 61),
(460, 5, 862, 61),
(461, 5, 854, 61),
(462, 5, NULL, 61),
(463, 1, 863, 63),
(464, 2, 856, 63),
(465, 3, 848, 63),
(466, 4, 864, 63),
(467, 5, 851, 63),
(468, 1, 865, 64),
(469, 1, 866, 64),
(470, 1, 867, 64),
(471, 3, 848, 64),
(472, 3, 677, 64),
(473, 5, 851, 64),
(474, 1, 694, 65),
(475, 1, 868, 65),
(476, 1, 869, 65),
(477, 1, 870, 65),
(478, 2, 654, 65),
(479, 2, 655, 65),
(480, 3, 870, 65),
(481, 3, 871, 65),
(482, 3, 872, 65),
(483, 4, 694, 65),
(484, 4, 873, 65),
(485, 4, 874, 65),
(486, 5, 868, 65),
(487, 5, 875, 65),
(488, 5, 876, 65),
(489, 5, 871, 65),
(490, 1, 644, 66),
(491, 1, 877, 66),
(492, 1, 878, 66),
(493, 1, 879, 66),
(494, 2, 843, 66),
(495, 3, 879, 66),
(496, 3, 880, 66),
(497, 4, 881, 66),
(498, 4, 882, 66),
(499, 4, 883, 66),
(500, 5, 884, 66),
(501, 5, 881, 66),
(502, 5, 885, 66),
(503, 1, 793, 67),
(504, 1, 883, 67),
(505, 2, 886, 67),
(506, 2, 877, 67),
(507, 2, 887, 67),
(508, 2, 677, 67),
(509, 3, 887, 67),
(510, 3, 694, 67),
(511, 3, 881, 67),
(512, 3, 888, 67),
(513, 4, 794, 67),
(514, 4, 694, 67),
(515, 4, 840, 67),
(516, 4, 850, 67),
(517, 5, 881, 67),
(518, 5, 642, 67),
(519, 5, 808, 67),
(520, 5, 640, 67),
(521, 1, 889, 68),
(522, 1, NULL, 68),
(523, 2, 891, 68),
(524, 2, 889, 68),
(525, 2, 847, 68),
(526, 3, 847, 68),
(527, 3, NULL, 68),
(528, 3, 891, 68),
(529, 4, 637, 68),
(530, 5, 892, 68),
(531, 5, 851, 68),
(532, 1, 893, 69),
(533, 2, 766, 69),
(534, 2, 894, 69),
(535, 2, 895, 69),
(536, 3, 847, 69),
(537, 3, 766, 69),
(538, 3, 896, 69),
(539, 3, 677, 69),
(540, 4, 897, 69),
(541, 4, 898, 69),
(542, 4, 899, 69),
(543, 4, 893, 69),
(544, 5, 900, 69),
(545, 5, 790, 69),
(546, 5, 901, 69),
(547, 1, 902, 70),
(548, 1, 903, 70),
(549, 1, 677, 71),
(550, 1, 642, 71),
(551, 1, 644, 71),
(552, 1, 637, 71),
(553, 2, 649, 71),
(554, 2, 647, 71),
(555, 2, 904, 71),
(556, 2, 847, 71),
(557, 3, 644, 71),
(558, 3, 647, 71),
(559, 4, 646, 71),
(560, 4, 864, 71),
(561, 4, 840, 71),
(562, 5, 648, 71),
(563, 5, 645, 71),
(564, 5, 650, 71),
(565, 2, 826, 72),
(566, 2, 642, 72),
(567, 3, 813, 72),
(568, 4, 826, 72),
(569, 4, 653, 72),
(570, 5, 905, 72),
(571, 5, 642, 72),
(572, 1, 642, 73),
(573, 1, 844, 73),
(574, 1, 906, 73),
(575, 1, 907, 73),
(576, 2, 637, 73),
(577, 2, 644, 73),
(578, 2, 908, 73),
(579, 3, 648, 73),
(580, 3, 647, 73),
(581, 3, 906, 73),
(582, 4, 826, 73),
(583, 4, 644, 73),
(584, 4, 909, 73),
(585, 5, 645, 73),
(586, 5, 647, 73),
(587, 5, 908, 73),
(588, 1, 882, 74),
(589, 1, 908, 74),
(590, 1, 796, 74),
(591, 2, 906, 74),
(592, 2, 647, 74),
(593, 3, 644, 74),
(594, 3, 648, 74),
(595, 3, 906, 74),
(596, 3, 642, 74),
(597, 4, 647, 74),
(598, 4, 644, 74),
(599, 4, 637, 74),
(600, 4, 908, 74),
(601, 5, 826, 74),
(602, 5, 907, 74),
(603, 5, 645, 74),
(604, 5, 677, 74),
(605, 1, 910, 75),
(606, 1, 911, 75),
(607, 3, 910, 75),
(608, 3, 912, 75),
(609, 4, 760, 75),
(610, 4, 913, 75),
(611, 4, 914, 75),
(612, 5, 915, 75),
(613, 5, 916, 75),
(614, 1, 904, 76),
(615, 1, 904, 76),
(616, 3, 773, 76),
(617, 4, 917, 76),
(618, 4, 904, 76),
(619, 5, 917, 76),
(620, 5, 917, 76),
(621, 1, 918, 77),
(622, 1, 919, 77),
(623, 2, 918, 77),
(624, 2, 919, 77),
(625, 2, 918, 77),
(626, 2, 919, 77),
(627, 3, 920, 77),
(628, 4, 665, 77),
(629, 5, 921, 77),
(630, 1, 918, 78),
(631, 1, 919, 78),
(632, 2, 918, 78),
(633, 2, 919, 78),
(634, 2, 918, 78),
(635, 2, 919, 78),
(636, 3, 920, 78),
(637, 4, 665, 78),
(638, 5, 921, 78),
(639, 1, 918, 79),
(640, 1, 919, 79),
(641, 2, 918, 79),
(642, 2, 919, 79),
(643, 2, 918, 79),
(644, 2, 919, 79),
(645, 3, 920, 79),
(646, 5, 921, 79),
(647, 2, 670, 81),
(648, 2, 806, 81),
(649, 3, 806, 81),
(650, 3, 808, 81),
(651, 5, 670, 81),
(652, 5, 676, 81),
(653, 5, 808, 81),
(654, 5, 676, 84),
(655, 1, 803, 85),
(656, 3, 803, 85),
(657, 1, 810, 86),
(658, 3, 736, 86),
(659, 3, 749, 86),
(660, 2, 843, 87),
(661, 1, 922, 89),
(662, 1, 923, 89),
(663, 2, 922, 89),
(664, 2, 923, 89),
(665, 2, 922, 89),
(666, 2, 923, 89),
(667, 3, 921, 89),
(668, 4, 720, 89),
(669, 5, 924, 89),
(670, 1, 922, 90),
(671, 1, 923, 90),
(672, 2, 922, 90),
(673, 2, 923, 90),
(674, 2, 922, 90),
(675, 2, 923, 90),
(676, 3, 921, 90),
(677, 4, 720, 90),
(678, 5, 924, 90),
(679, 1, 925, 92),
(680, 2, 926, 92),
(681, 2, 847, 92),
(682, 3, 847, 92),
(683, 3, 927, 92),
(684, 4, 928, 92),
(685, 5, 929, 92),
(686, 1, 925, 93),
(687, 2, 847, 93),
(688, 3, 847, 93),
(689, 1, 930, 94),
(690, 2, 926, 94),
(691, 3, 931, 94),
(692, 3, 931, 94),
(693, 4, 928, 94),
(694, 4, 930, 94),
(695, 5, 851, 94),
(696, 2, 847, 95),
(697, 3, 847, 95),
(698, 3, 932, 95),
(699, 4, 752, 95),
(700, 1, 777, 96),
(701, 2, 779, 96),
(702, 2, 847, 96),
(703, 3, 847, 96),
(704, 3, 932, 96),
(705, 4, 776, 96),
(706, 5, 777, 96),
(707, 1, 930, 97),
(708, 1, 756, 97),
(709, 2, 933, 97),
(710, 2, 780, 97),
(711, 2, 847, 97),
(712, 3, 847, 97),
(713, 3, 927, 97),
(714, 4, 752, 97),
(715, 4, 930, 97),
(716, 5, 929, 97),
(717, 5, 934, 98),
(718, 5, 934, 98),
(719, 4, 935, 100),
(720, 1, 936, 101),
(721, 1, 937, 101),
(722, 1, 938, 101),
(723, 1, 939, 101),
(724, 2, 940, 101),
(725, 2, 941, 101),
(726, 2, 942, 101),
(727, 2, 943, 101),
(728, 2, 944, 101),
(729, 3, 945, 101),
(730, 3, 946, 101),
(731, 4, 947, 101),
(732, 4, 948, 101),
(733, 1, 949, 102),
(734, 2, 950, 102),
(735, 3, 951, 102),
(736, 3, 952, 102),
(737, 4, 953, 102),
(738, 1, 954, 105),
(739, 2, 954, 105),
(740, 2, 954, 105),
(741, 3, 954, 105),
(742, 3, 954, 105),
(743, 4, 955, 107);

-- --------------------------------------------------------

--
-- Structure de la table `rooms`
--

CREATE TABLE `rooms` (
  `room_id` int(11) NOT NULL,
  `name` varchar(100) DEFAULT NULL,
  `description` varchar(1000) DEFAULT NULL
) ENGINE=InnoDB DEFAULT CHARSET=utf8;

--
-- Déchargement des données de la table `rooms`
--

INSERT INTO `rooms` (`room_id`, `name`, `description`) VALUES
(1, 'A0006', 'Petite salle conférence'),
(2, 'A1009', 'Petite salle conférence'),
(3, 'AR025', 'Petite salle Arsenaux'),
(4, 'AR027', 'Petite salle Arsenaux'),
(5, 'AR029', 'Grande salle Arsenaux'),
(6, 'AR031', 'Grande salle Arsenaux'),
(7, 'AR033', 'Grande salle Arsenaux'),
(8, 'AR035', 'Grande salle Arsenaux'),
(9, 'AR113', 'Grande salle Arsenaux'),
(10, 'AR117', 'Grande salle Arsenaux'),
(11, 'AR123', 'Auditoire arsenaux'),
(12, 'AUDEG', 'Auditoire Edouard Gremaud'),
(13, 'B0004', 'Petite salle de classe'),
(14, 'B0008', 'Labo de chimie'),
(15, 'B0022', 'Petite salle de classe'),
(16, 'B1016', 'Labo de chimie'),
(17, 'B2004', 'Labo de chimie'),
(18, 'B2012', 'Labo de chimie'),
(19, 'B3003', 'Labo de physique'),
(20, 'B3004', 'Auditoire 60 places'),
(21, 'B3008', 'Auditoire 30 places'),
(22, 'B3016', 'Auditoire 80 places'),
(23, 'B3020', 'Auditoire 60 places'),
(24, 'B4008', 'Atelier Archi'),
(25, 'B4016', 'Atelier Archi'),
(26, 'B4022', 'Atelier A-1'),
(27, 'BEA01', 'Grande salle Beauregard'),
(28, 'BEA02', 'Petite salle Beauregard'),
(29, 'BEA03', 'Grande salle Beauregard'),
(30, 'BEA05', 'Grande salle Beauregard'),
(31, 'BEA06', 'Petite salle Beauregard'),
(32, 'BEA10', 'Petite salle Beauregard'),
(33, 'BEA14', 'Petite salle Beauregard'),
(34, 'BFAH1', 'BlueFactory-PICC-AH1'),
(35, 'C0004', 'Salle PC'),
(36, 'C0015', 'Petite salle de conférence'),
(37, 'C0016', 'Labo d\'informatique'),
(38, 'C0019', 'Labo d\'informatique'),
(39, 'C0022', 'Labo d\'informatique'),
(40, 'C1004', 'Petite salle de classe'),
(41, 'C1012', 'Labo de télécom'),
(42, 'C1016', 'Labo de télécom'),
(43, 'C1022', 'Labo de télécom'),
(44, 'C2006', 'Grande salle de classe'),
(45, 'C2012', 'Grande salle de classe'),
(46, 'C2018', 'Grande salle de classe'),
(47, 'C2022', 'Grande salle de classe'),
(48, 'C3006', 'Grande salle de classe'),
(49, 'C3012', 'Grande salle de classe'),
(50, 'C3016', 'Petite salle de classe'),
(51, 'C3020', 'Petite salle de classe'),
(52, 'C3022', 'Petite salle de classe'),
(53, 'C4003', 'Auditoire 40 places'),
(54, 'C4008', 'Atelier A-1'),
(55, 'C4016', 'Atelier A-1'),
(56, 'C4022', 'Atelier A-1'),
(57, 'D0003', 'Labo photo-élasticité'),
(58, 'D0004', 'Petite salle de classe'),
(59, 'D0008', 'Petite salle de classe'),
(60, 'D0013', 'Labo de mécanique-chimie'),
(61, 'D0016', 'Grande salle de classe'),
(62, 'D0022', 'Labo de mécanique'),
(63, 'D1006', 'Labo de mécanique'),
(64, 'D1014', 'Labo de mécanique'),
(65, 'D1022', 'Grande salle de classe'),
(66, 'D2004', 'Petite salle de classe'),
(67, 'D2008', 'Petite salle de classe'),
(68, 'D2012', 'Petite salle de classe'),
(69, 'D2018', 'Grande salle de classe'),
(70, 'D2022', 'Labo d\'informatique'),
(71, 'D3004', 'Petite salle de classe'),
(72, 'D3008', 'Petite salle de classe'),
(73, 'D3012', 'Petite salle de classe'),
(74, 'D3016', 'Petite salle de classe'),
(75, 'D3020', 'Petite salle de classe'),
(76, 'D3022', 'Petite salle de classe'),
(77, 'D4008', 'Atelier A-2'),
(78, 'D4016', 'Atelier A-2'),
(79, 'D4022', 'Atelier A-2'),
(80, 'EIKON', 'Salle EIKON'),
(81, 'F0003', 'Labo GC (hydraulique)'),
(82, 'F0006', 'Labo de mécanique'),
(83, 'F0016', 'Labo de mécanique'),
(84, 'F0019', 'Labo GC (environnement)'),
(85, 'F0027', 'Labo GC (géotechnique)'),
(86, 'F0101', 'Labo GC (structure)'),
(87, 'F1006', 'Labo de mécanique'),
(88, 'FON23', 'Labo de chimie'),
(89, 'FON28', 'Atelier Archi'),
(90, 'FON29', 'Atelier Archi'),
(91, 'G0010', 'Labo d\'électrotechnique'),
(92, 'G0015', 'Labo d\'électrotechnique'),
(93, 'G0107', 'Labo d\'électrotechnique'),
(94, 'G1007', 'Labo d\'électrotechnique'),
(95, 'G1017', 'Labo d\'électrotechnique'),
(96, 'G1022', 'Labo d\'électrotechnique'),
(97, 'G1027', 'Labo d\'électrotechnique'),
(98, 'H0031', 'Labo de chimie'),
(99, 'HEG00', 'Innovation Lab'),
(100, 'HEG12', 'Auditoire HEG'),
(101, 'LAUS1', 'Salle Lausanne'),
(102, 'LAUS2', 'Salle Lausanne'),
(103, 'SIER1', 'Salle Sierre'),
(104, 'SION1', 'Salle Sion'),
(105, 'UNIFR', 'Salle UNI-FR'),
(106, 'UNINE', 'Salle UNI-Neuch'),
(107, 'YVERD', 'Salle Yverdon'),
(108, 'ZH007', 'Salle Zürich'),
(109, 'ZH013', 'Salle Zürich'),
(110, 'ZH069', 'Salle Zürich');

-- --------------------------------------------------------

--
-- Structure de la table `timeslots`
--

CREATE TABLE `timeslots` (
  `timeslot_id` int(11) NOT NULL,
  `start_hour` int(11) DEFAULT NULL,
  `start_minute` int(11) DEFAULT NULL,
  `end_hour` int(11) DEFAULT NULL,
  `end_minute` int(11) DEFAULT NULL
) ENGINE=InnoDB DEFAULT CHARSET=utf8;

--
-- Déchargement des données de la table `timeslots`
--

INSERT INTO `timeslots` (`timeslot_id`, `start_hour`, `start_minute`, `end_hour`, `end_minute`) VALUES
(1, 8, 15, 9, 0),
(2, 9, 5, 9, 50),
(3, 10, 15, 11, 0),
(4, 11, 5, 11, 50),
(5, 13, 0, 13, 45),
(6, 13, 50, 14, 35),
(7, 15, 0, 15, 45),
(8, 15, 50, 16, 35),
(9, 17, 0, 17, 45),
(10, 17, 50, 18, 35);

-- --------------------------------------------------------

--
-- Structure de la table `timeslots_registrations`
--

CREATE TABLE `timeslots_registrations` (
  `ts_reg_id` int(11) NOT NULL,
  `timeslot_id` int(11) DEFAULT NULL,
  `registration_id` int(11) DEFAULT NULL
) ENGINE=InnoDB DEFAULT CHARSET=utf8;

--
-- Déchargement des données de la table `timeslots_registrations`
--

INSERT INTO `timeslots_registrations` (`ts_reg_id`, `timeslot_id`, `registration_id`) VALUES
(1954, 3, 1),
(1955, 4, 1),
(1956, 7, 2),
(1957, 8, 2),
(1958, 1, 3),
(1959, 2, 3),
(1960, 3, 4),
(1961, 4, 4),
(1962, 5, 5),
(1963, 6, 5),
(1964, 7, 6),
(1965, 8, 6),
(1966, 9, 7),
(1967, 10, 7),
(1968, 1, 8),
(1969, 2, 8),
(1970, 5, 9),
(1971, 6, 9),
(1972, 7, 10),
(1973, 8, 10),
(1974, 1, 11),
(1975, 2, 11),
(1976, 1, 12),
(1977, 2, 12),
(1978, 3, 13),
(1979, 4, 13),
(1980, 1, 14),
(1981, 2, 14),
(1982, 1, 15),
(1983, 2, 15),
(1984, 5, 16),
(1985, 6, 16),
(1986, 7, 17),
(1987, 8, 17),
(1988, 1, 18),
(1989, 2, 18),
(1990, 5, 19),
(1991, 6, 19),
(1992, 7, 19),
(1993, 8, 19),
(1994, 1, 20),
(1995, 2, 20),
(1996, 3, 21),
(1997, 4, 21),
(1998, 5, 22),
(1999, 6, 22),
(2000, 3, 23),
(2001, 4, 23),
(2002, 5, 24),
(2003, 6, 24),
(2004, 7, 25),
(2005, 8, 25),
(2006, 1, 26),
(2007, 2, 26),
(2008, 3, 27),
(2009, 4, 27),
(2010, 5, 28),
(2011, 6, 28),
(2012, 1, 29),
(2013, 2, 29),
(2014, 3, 30),
(2015, 4, 30),
(2016, 1, 31),
(2017, 2, 31),
(2018, 3, 32),
(2019, 4, 32),
(2020, 1, 33),
(2021, 2, 33),
(2022, 3, 34),
(2023, 4, 34),
(2024, 1, 35),
(2025, 2, 35),
(2026, 3, 36),
(2027, 4, 36),
(2028, 5, 37),
(2029, 6, 37),
(2030, 1, 38),
(2031, 2, 38),
(2032, 3, 39),
(2033, 4, 39),
(2034, 3, 40),
(2035, 4, 40),
(2036, 5, 41),
(2037, 6, 41),
(2038, 1, 42),
(2039, 2, 42),
(2040, 3, 42),
(2041, 4, 42),
(2042, 5, 43),
(2043, 6, 43),
(2044, 7, 44),
(2045, 8, 44),
(2046, 1, 45),
(2047, 2, 45),
(2048, 3, 46),
(2049, 4, 46),
(2050, 1, 47),
(2051, 2, 47),
(2052, 3, 48),
(2053, 4, 48),
(2054, 5, 49),
(2055, 6, 49),
(2056, 1, 50),
(2057, 2, 50),
(2058, 3, 51),
(2059, 4, 51),
(2060, 5, 52),
(2061, 6, 52),
(2062, 1, 53),
(2063, 2, 53),
(2064, 3, 54),
(2065, 4, 54),
(2066, 5, 55),
(2067, 6, 55),
(2068, 1, 56),
(2069, 2, 56),
(2070, 1, 57),
(2071, 2, 57),
(2072, 3, 58),
(2073, 4, 58),
(2074, 3, 59),
(2075, 4, 59),
(2076, 5, 60),
(2077, 6, 60),
(2078, 7, 60),
(2079, 8, 60),
(2080, 1, 61),
(2081, 2, 61),
(2082, 3, 62),
(2083, 4, 62),
(2084, 5, 63),
(2085, 6, 63),
(2086, 7, 64),
(2087, 8, 64),
(2088, 1, 65),
(2089, 2, 65),
(2090, 3, 66),
(2091, 4, 66),
(2092, 5, 67),
(2093, 6, 67),
(2094, 7, 68),
(2095, 8, 68),
(2096, 1, 69),
(2097, 2, 69),
(2098, 3, 69),
(2099, 4, 69),
(2100, 5, 70),
(2101, 6, 70),
(2102, 7, 70),
(2103, 8, 70),
(2104, 9, 70),
(2105, 10, 70),
(2106, 1, 71),
(2107, 2, 71),
(2108, 3, 72),
(2109, 4, 72),
(2110, 5, 73),
(2111, 6, 73),
(2112, 7, 74),
(2113, 8, 74),
(2114, 1, 75),
(2115, 2, 75),
(2116, 3, 76),
(2117, 4, 76),
(2118, 5, 77),
(2119, 6, 77),
(2120, 7, 78),
(2121, 1, 79),
(2122, 2, 79),
(2123, 3, 80),
(2124, 4, 80),
(2125, 5, 81),
(2126, 6, 81),
(2127, 7, 81),
(2128, 8, 81),
(2129, 1, 82),
(2130, 2, 82),
(2131, 3, 82),
(2132, 4, 82),
(2133, 5, 83),
(2134, 6, 83),
(2135, 7, 83),
(2136, 8, 83),
(2137, 1, 84),
(2138, 2, 84),
(2139, 3, 85),
(2140, 4, 85),
(2141, 5, 86),
(2142, 6, 86),
(2143, 7, 86),
(2144, 8, 86),
(2145, 1, 87),
(2146, 2, 87),
(2147, 3, 88),
(2148, 4, 88),
(2149, 5, 89),
(2150, 6, 89),
(2151, 7, 89),
(2152, 8, 89),
(2153, 3, 90),
(2154, 4, 90),
(2155, 5, 91),
(2156, 6, 91),
(2157, 1, 92),
(2158, 2, 92),
(2159, 3, 93),
(2160, 4, 93),
(2161, 1, 94),
(2162, 2, 94),
(2163, 3, 95),
(2164, 4, 95),
(2165, 5, 96),
(2166, 6, 96),
(2167, 1, 97),
(2168, 2, 97),
(2169, 3, 98),
(2170, 4, 98),
(2171, 1, 99),
(2172, 2, 99),
(2173, 1, 100),
(2174, 2, 100),
(2175, 3, 101),
(2176, 4, 101),
(2177, 1, 102),
(2178, 2, 102),
(2179, 3, 103),
(2180, 4, 103),
(2181, 5, 104),
(2182, 6, 104),
(2183, 7, 105),
(2184, 8, 105),
(2185, 1, 106),
(2186, 2, 106),
(2187, 3, 107),
(2188, 4, 107),
(2189, 5, 108),
(2190, 6, 108),
(2191, 1, 109),
(2192, 2, 109),
(2193, 3, 109),
(2194, 4, 109),
(2195, 5, 110),
(2196, 6, 110),
(2197, 7, 110),
(2198, 8, 110),
(2199, 1, 111),
(2200, 2, 111),
(2201, 3, 111),
(2202, 4, 111),
(2203, 5, 112),
(2204, 6, 112),
(2205, 7, 112),
(2206, 8, 112),
(2207, 1, 113),
(2208, 2, 113),
(2209, 3, 113),
(2210, 4, 113),
(2211, 5, 114),
(2212, 6, 114),
(2213, 7, 114),
(2214, 8, 114),
(2215, 1, 115),
(2216, 2, 115),
(2217, 3, 115),
(2218, 4, 115),
(2219, 5, 115),
(2220, 6, 115),
(2221, 7, 115),
(2222, 8, 115),
(2223, 5, 116),
(2224, 6, 116),
(2225, 7, 116),
(2226, 8, 116),
(2227, 5, 117),
(2228, 6, 117),
(2229, 7, 117),
(2230, 8, 117),
(2231, 5, 118),
(2232, 6, 118),
(2233, 7, 118),
(2234, 8, 118),
(2235, 5, 119),
(2236, 6, 119),
(2237, 7, 119),
(2238, 8, 119),
(2239, 5, 120),
(2240, 6, 120),
(2241, 7, 120),
(2242, 8, 120),
(2243, 1, 121),
(2244, 2, 121),
(2245, 3, 121),
(2246, 4, 121),
(2247, 5, 122),
(2248, 6, 122),
(2249, 7, 122),
(2250, 8, 122),
(2251, 1, 123),
(2252, 2, 123),
(2253, 3, 123),
(2254, 4, 123),
(2255, 5, 124),
(2256, 6, 124),
(2257, 7, 124),
(2258, 8, 124),
(2259, 5, 125),
(2260, 6, 125),
(2261, 7, 125),
(2262, 8, 125),
(2263, 1, 126),
(2264, 2, 126),
(2265, 3, 126),
(2266, 4, 126),
(2267, 5, 127),
(2268, 6, 127),
(2269, 7, 127),
(2270, 8, 127),
(2271, 1, 128),
(2272, 2, 128),
(2273, 3, 129),
(2274, 4, 129),
(2275, 1, 130),
(2276, 2, 130),
(2277, 3, 131),
(2278, 4, 131),
(2279, 5, 132),
(2280, 6, 132),
(2281, 7, 133),
(2282, 8, 133),
(2283, 1, 134),
(2284, 2, 134),
(2285, 3, 135),
(2286, 4, 135),
(2287, 7, 136),
(2288, 8, 136),
(2289, 1, 137),
(2290, 2, 137),
(2291, 3, 138),
(2292, 4, 138),
(2293, 1, 139),
(2294, 2, 139),
(2295, 1, 140),
(2296, 2, 140),
(2297, 3, 141),
(2298, 4, 141),
(2299, 1, 142),
(2300, 2, 142),
(2301, 1, 143),
(2302, 2, 143),
(2303, 3, 144),
(2304, 4, 144),
(2305, 1, 145),
(2306, 2, 145),
(2307, 3, 146),
(2308, 4, 146),
(2309, 1, 147),
(2310, 2, 147),
(2311, 3, 148),
(2312, 4, 148),
(2313, 5, 149),
(2314, 6, 149),
(2315, 3, 150),
(2316, 4, 150),
(2317, 1, 151),
(2318, 2, 151),
(2319, 3, 152),
(2320, 4, 152),
(2321, 1, 153),
(2322, 2, 153),
(2323, 3, 154),
(2324, 4, 154),
(2325, 5, 155),
(2326, 6, 155),
(2327, 1, 156),
(2328, 2, 156),
(2329, 3, 157),
(2330, 4, 157),
(2331, 1, 158),
(2332, 2, 158),
(2333, 3, 159),
(2334, 4, 159),
(2335, 1, 160),
(2336, 2, 160),
(2337, 3, 161),
(2338, 4, 161),
(2339, 5, 162),
(2340, 6, 162),
(2341, 7, 162),
(2342, 8, 162),
(2343, 1, 163),
(2344, 2, 163),
(2345, 3, 163),
(2346, 4, 163),
(2347, 5, 164),
(2348, 6, 164),
(2349, 7, 164),
(2350, 8, 164),
(2351, 5, 165),
(2352, 6, 165),
(2353, 7, 165),
(2354, 8, 165),
(2355, 1, 166),
(2356, 2, 166),
(2357, 3, 166),
(2358, 4, 166),
(2359, 5, 167),
(2360, 6, 167),
(2361, 7, 167),
(2362, 8, 167),
(2363, 5, 168),
(2364, 6, 168),
(2365, 7, 168),
(2366, 8, 168),
(2367, 1, 169),
(2368, 2, 169),
(2369, 3, 170),
(2370, 4, 170),
(2371, 5, 171),
(2372, 6, 171),
(2373, 7, 172),
(2374, 8, 172),
(2375, 1, 173),
(2376, 2, 173),
(2377, 3, 174),
(2378, 4, 174),
(2379, 5, 175),
(2380, 6, 175),
(2381, 7, 176),
(2382, 8, 176),
(2383, 1, 177),
(2384, 2, 177),
(2385, 3, 178),
(2386, 4, 178),
(2387, 5, 179),
(2388, 6, 179),
(2389, 7, 180),
(2390, 8, 180),
(2391, 1, 181),
(2392, 2, 181),
(2393, 3, 181),
(2394, 4, 181),
(2395, 5, 182),
(2396, 6, 182),
(2397, 7, 183),
(2398, 8, 183),
(2399, 1, 184),
(2400, 2, 184),
(2401, 3, 185),
(2402, 4, 185),
(2403, 1, 186),
(2404, 2, 186),
(2405, 3, 187),
(2406, 4, 187),
(2407, 5, 188),
(2408, 6, 188),
(2409, 7, 189),
(2410, 8, 189),
(2411, 1, 190),
(2412, 2, 190),
(2413, 3, 191),
(2414, 4, 191),
(2415, 5, 192),
(2416, 6, 192),
(2417, 7, 193),
(2418, 8, 193),
(2419, 1, 194),
(2420, 2, 194),
(2421, 3, 195),
(2422, 4, 195),
(2423, 5, 196),
(2424, 6, 196),
(2425, 7, 197),
(2426, 8, 197),
(2427, 1, 198),
(2428, 2, 198),
(2429, 3, 199),
(2430, 4, 199),
(2431, 5, 200),
(2432, 6, 200),
(2433, 7, 200),
(2434, 8, 200),
(2435, 1, 201),
(2436, 2, 201),
(2437, 3, 202),
(2438, 4, 202),
(2439, 5, 203),
(2440, 6, 203),
(2441, 1, 204),
(2442, 2, 204),
(2443, 3, 204),
(2444, 4, 204),
(2445, 5, 205),
(2446, 6, 205),
(2447, 7, 205),
(2448, 8, 205),
(2449, 5, 206),
(2450, 6, 206),
(2451, 1, 207),
(2452, 2, 207),
(2453, 3, 207),
(2454, 4, 207),
(2455, 5, 208),
(2456, 6, 208),
(2457, 7, 208),
(2458, 8, 208),
(2459, 1, 209),
(2460, 2, 209),
(2461, 5, 210),
(2462, 6, 210),
(2463, 7, 210),
(2464, 8, 210),
(2465, 1, 211),
(2466, 2, 211),
(2467, 3, 211),
(2468, 4, 211),
(2469, 5, 212),
(2470, 6, 212),
(2471, 1, 213),
(2472, 2, 213),
(2473, 3, 213),
(2474, 4, 213),
(2475, 1, 214),
(2476, 2, 214),
(2477, 3, 214),
(2478, 4, 214),
(2479, 5, 215),
(2480, 6, 215),
(2481, 7, 215),
(2482, 8, 215),
(2483, 1, 216),
(2484, 2, 216),
(2485, 3, 216),
(2486, 4, 216),
(2487, 5, 217),
(2488, 6, 217),
(2489, 7, 217),
(2490, 8, 217),
(2491, 7, 218),
(2492, 8, 218),
(2493, 1, 219),
(2494, 2, 219),
(2495, 3, 220),
(2496, 4, 220),
(2497, 5, 221),
(2498, 6, 221),
(2499, 7, 221),
(2500, 8, 221),
(2501, 1, 222),
(2502, 2, 222),
(2503, 3, 222),
(2504, 4, 222),
(2505, 5, 222),
(2506, 6, 222),
(2507, 7, 222),
(2508, 8, 222),
(2509, 1, 223),
(2510, 2, 223),
(2511, 3, 223),
(2512, 4, 223),
(2513, 7, 224),
(2514, 8, 224),
(2515, 1, 225),
(2516, 2, 225),
(2517, 3, 225),
(2518, 4, 226),
(2519, 5, 226),
(2520, 6, 226),
(2521, 7, 226),
(2522, 2, 227),
(2523, 3, 228),
(2524, 4, 228),
(2525, 5, 229),
(2526, 6, 229),
(2527, 7, 230),
(2528, 8, 230),
(2529, 1, 231),
(2530, 2, 231),
(2531, 3, 231),
(2532, 4, 231),
(2533, 5, 232),
(2534, 6, 232),
(2535, 7, 233),
(2536, 8, 233),
(2537, 1, 234),
(2538, 2, 234),
(2539, 3, 235),
(2540, 4, 235),
(2541, 5, 236),
(2542, 6, 236),
(2543, 2, 237),
(2544, 3, 237),
(2545, 4, 237),
(2546, 5, 238),
(2547, 6, 238),
(2548, 1, 239),
(2549, 2, 239),
(2550, 3, 239),
(2551, 4, 239),
(2552, 5, 240),
(2553, 6, 240),
(2554, 7, 240),
(2555, 8, 240),
(2556, 1, 241),
(2557, 2, 241),
(2558, 3, 241),
(2559, 4, 241),
(2560, 7, 242),
(2561, 8, 242),
(2562, 5, 243),
(2563, 6, 243),
(2564, 7, 243),
(2565, 8, 243),
(2566, 1, 244),
(2567, 2, 244),
(2568, 3, 244),
(2569, 4, 244),
(2570, 1, 245),
(2571, 2, 245),
(2572, 3, 245),
(2573, 4, 245),
(2574, 5, 246),
(2575, 6, 246),
(2576, 7, 246),
(2577, 8, 246),
(2578, 1, 247),
(2579, 2, 247),
(2580, 3, 247),
(2581, 4, 247),
(2582, 1, 248),
(2583, 2, 248),
(2584, 3, 248),
(2585, 4, 248),
(2586, 5, 249),
(2587, 6, 249),
(2588, 7, 249),
(2589, 8, 249),
(2590, 7, 250),
(2591, 8, 250),
(2592, 1, 251),
(2593, 2, 251),
(2594, 3, 252),
(2595, 4, 252),
(2596, 1, 253),
(2597, 2, 253),
(2598, 3, 253),
(2599, 4, 253),
(2600, 5, 254),
(2601, 6, 254),
(2602, 7, 254),
(2603, 8, 254),
(2604, 1, 255),
(2605, 2, 255),
(2606, 3, 256),
(2607, 4, 256),
(2608, 9, 257),
(2609, 10, 257),
(2610, 1, 258),
(2611, 2, 258),
(2612, 5, 259),
(2613, 6, 259),
(2614, 7, 260),
(2615, 8, 260),
(2616, 1, 261),
(2617, 2, 261),
(2618, 3, 262),
(2619, 4, 262),
(2620, 5, 263),
(2621, 6, 263),
(2622, 7, 264),
(2623, 8, 264),
(2624, 1, 265),
(2625, 2, 265),
(2626, 3, 266),
(2627, 4, 266),
(2628, 5, 267),
(2629, 6, 267),
(2630, 7, 268),
(2631, 8, 268),
(2632, 3, 269),
(2633, 4, 269),
(2634, 5, 270),
(2635, 6, 271),
(2636, 7, 271),
(2637, 8, 271),
(2638, 1, 272),
(2639, 2, 272),
(2640, 7, 273),
(2641, 8, 273),
(2642, 1, 274),
(2643, 2, 274),
(2644, 3, 275),
(2645, 4, 275),
(2646, 5, 276),
(2647, 6, 276),
(2648, 7, 277),
(2649, 8, 277),
(2650, 1, 278),
(2651, 2, 278),
(2652, 5, 279),
(2653, 6, 279),
(2654, 3, 280),
(2655, 4, 280),
(2656, 5, 281),
(2657, 6, 281),
(2658, 7, 282),
(2659, 8, 282),
(2660, 1, 283),
(2661, 2, 283),
(2662, 3, 284),
(2663, 4, 284),
(2664, 5, 285),
(2665, 6, 285),
(2666, 7, 286),
(2667, 8, 286),
(2668, 1, 287),
(2669, 2, 287),
(2670, 3, 288),
(2671, 4, 288),
(2672, 5, 289),
(2673, 6, 289),
(2674, 7, 290),
(2675, 8, 290),
(2676, 1, 291),
(2677, 2, 291),
(2678, 3, 291),
(2679, 4, 291),
(2680, 5, 292),
(2681, 6, 292),
(2682, 7, 293),
(2683, 8, 293),
(2684, 1, 294),
(2685, 2, 294),
(2686, 3, 295),
(2687, 4, 295),
(2688, 5, 296),
(2689, 6, 296),
(2690, 7, 296),
(2691, 8, 296),
(2692, 9, 297),
(2693, 1, 298),
(2694, 2, 298),
(2695, 3, 298),
(2696, 4, 298),
(2697, 5, 299),
(2698, 6, 299),
(2699, 1, 300),
(2700, 2, 300),
(2701, 3, 300),
(2702, 4, 300),
(2703, 5, 301),
(2704, 6, 301),
(2705, 7, 301),
(2706, 8, 301),
(2707, 3, 302),
(2708, 4, 302),
(2709, 5, 303),
(2710, 6, 303),
(2711, 7, 304),
(2712, 8, 304),
(2713, 1, 305),
(2714, 2, 305),
(2715, 3, 305),
(2716, 4, 305),
(2717, 5, 306),
(2718, 6, 306),
(2719, 7, 307),
(2720, 8, 307),
(2721, 1, 308),
(2722, 2, 308),
(2723, 3, 309),
(2724, 4, 309),
(2725, 5, 310),
(2726, 6, 310),
(2727, 7, 311),
(2728, 8, 311),
(2729, 1, 312),
(2730, 2, 312),
(2731, 3, 313),
(2732, 4, 313),
(2733, 5, 314),
(2734, 6, 314),
(2735, 1, 315),
(2736, 2, 315),
(2737, 3, 316),
(2738, 4, 316),
(2739, 5, 317),
(2740, 6, 317),
(2741, 7, 318),
(2742, 1, 319),
(2743, 2, 319),
(2744, 3, 320),
(2745, 4, 320),
(2746, 5, 321),
(2747, 6, 321),
(2748, 7, 321),
(2749, 8, 321),
(2750, 9, 321),
(2751, 10, 321),
(2752, 1, 322),
(2753, 2, 322),
(2754, 3, 323),
(2755, 4, 323),
(2756, 5, 324),
(2757, 6, 324),
(2758, 1, 325),
(2759, 2, 325),
(2760, 3, 326),
(2761, 4, 326),
(2762, 5, 327),
(2763, 6, 327),
(2764, 7, 328),
(2765, 8, 328),
(2766, 1, 329),
(2767, 2, 329),
(2768, 3, 330),
(2769, 4, 330),
(2770, 5, 331),
(2771, 6, 331),
(2772, 7, 332),
(2773, 1, 333),
(2774, 2, 333),
(2775, 3, 334),
(2776, 4, 334),
(2777, 5, 335),
(2778, 6, 335),
(2779, 7, 335),
(2780, 8, 335),
(2781, 1, 336),
(2782, 2, 336),
(2783, 5, 337),
(2784, 6, 337),
(2785, 7, 337),
(2786, 8, 337),
(2787, 1, 338),
(2788, 2, 338),
(2789, 3, 339),
(2790, 4, 339),
(2791, 5, 340),
(2792, 6, 340),
(2793, 7, 341),
(2794, 8, 341),
(2795, 3, 342),
(2796, 4, 342),
(2797, 5, 343),
(2798, 6, 343),
(2799, 9, 344),
(2800, 3, 345),
(2801, 4, 345),
(2802, 5, 346),
(2803, 6, 346),
(2804, 7, 347),
(2805, 8, 347),
(2806, 9, 348),
(2807, 1, 349),
(2808, 2, 349),
(2809, 3, 350),
(2810, 4, 350),
(2811, 5, 351),
(2812, 6, 351),
(2813, 7, 352),
(2814, 8, 352),
(2815, 1, 353),
(2816, 2, 353),
(2817, 3, 354),
(2818, 4, 354),
(2819, 5, 355),
(2820, 6, 355),
(2821, 7, 356),
(2822, 8, 356),
(2823, 7, 357),
(2824, 8, 357),
(2825, 1, 358),
(2826, 2, 358),
(2827, 3, 359),
(2828, 4, 359),
(2829, 7, 360),
(2830, 8, 360),
(2831, 9, 360),
(2832, 10, 360),
(2833, 1, 361),
(2834, 2, 361),
(2835, 3, 361),
(2836, 4, 361),
(2837, 5, 362),
(2838, 6, 362),
(2839, 7, 362),
(2840, 8, 362),
(2841, 3, 363),
(2842, 4, 363),
(2843, 5, 364),
(2844, 6, 364),
(2845, 7, 364),
(2846, 8, 364),
(2847, 1, 365),
(2848, 2, 365),
(2849, 3, 366),
(2850, 4, 366),
(2851, 5, 367),
(2852, 6, 367),
(2853, 7, 368),
(2854, 8, 368),
(2855, 1, 369),
(2856, 2, 369),
(2857, 3, 370),
(2858, 4, 370),
(2859, 5, 371),
(2860, 6, 371),
(2861, 7, 372),
(2862, 8, 372),
(2863, 1, 373),
(2864, 2, 373),
(2865, 3, 374),
(2866, 4, 374),
(2867, 5, 375),
(2868, 6, 375),
(2869, 7, 376),
(2870, 8, 376),
(2871, 1, 377),
(2872, 2, 377),
(2873, 3, 378),
(2874, 4, 378),
(2875, 5, 379),
(2876, 6, 379),
(2877, 5, 380),
(2878, 6, 380),
(2879, 1, 381),
(2880, 2, 381),
(2881, 3, 382),
(2882, 4, 382),
(2883, 5, 383),
(2884, 6, 383),
(2885, 7, 383),
(2886, 8, 383),
(2887, 1, 384),
(2888, 2, 384),
(2889, 3, 385),
(2890, 4, 385),
(2891, 7, 386),
(2892, 8, 386),
(2893, 3, 387),
(2894, 4, 387),
(2895, 5, 388),
(2896, 6, 388),
(2897, 7, 388),
(2898, 8, 388),
(2899, 1, 389),
(2900, 2, 389),
(2901, 3, 390),
(2902, 4, 390),
(2903, 5, 391),
(2904, 6, 391),
(2905, 1, 392),
(2906, 2, 392),
(2907, 3, 392),
(2908, 4, 392),
(2909, 5, 393),
(2910, 6, 393),
(2911, 7, 393),
(2912, 8, 393),
(2913, 1, 394),
(2914, 2, 394),
(2915, 3, 395),
(2916, 4, 395),
(2917, 5, 396),
(2918, 6, 396),
(2919, 7, 397),
(2920, 8, 397),
(2921, 1, 398),
(2922, 2, 398),
(2923, 3, 399),
(2924, 4, 399),
(2925, 5, 400),
(2926, 6, 400),
(2927, 7, 401),
(2928, 8, 401),
(2929, 3, 402),
(2930, 4, 402),
(2931, 7, 403),
(2932, 8, 403),
(2933, 5, 404),
(2934, 6, 404),
(2935, 7, 404),
(2936, 8, 404),
(2937, 1, 405),
(2938, 2, 405),
(2939, 3, 405),
(2940, 4, 405),
(2941, 5, 406),
(2942, 6, 406),
(2943, 7, 406),
(2944, 8, 406),
(2945, 5, 407),
(2946, 6, 407),
(2947, 7, 407),
(2948, 8, 407),
(2949, 1, 408),
(2950, 2, 408),
(2951, 3, 408),
(2952, 4, 408),
(2953, 5, 409),
(2954, 6, 409),
(2955, 7, 409),
(2956, 8, 409),
(2957, 5, 410),
(2958, 6, 410),
(2959, 7, 410),
(2960, 8, 410),
(2961, 1, 411),
(2962, 2, 411),
(2963, 3, 411),
(2964, 4, 411),
(2965, 5, 412),
(2966, 6, 412),
(2967, 7, 412),
(2968, 8, 412),
(2969, 5, 413),
(2970, 6, 413),
(2971, 7, 413),
(2972, 8, 413),
(2973, 1, 414),
(2974, 2, 414),
(2975, 3, 414),
(2976, 4, 414),
(2977, 5, 415),
(2978, 6, 415),
(2979, 7, 415),
(2980, 8, 415),
(2981, 1, 416),
(2982, 2, 416),
(2983, 3, 416),
(2984, 4, 416),
(2985, 5, 417),
(2986, 6, 417),
(2987, 7, 417),
(2988, 8, 417),
(2989, 5, 418),
(2990, 6, 418),
(2991, 7, 418),
(2992, 8, 418),
(2993, 1, 419),
(2994, 2, 419),
(2995, 3, 419),
(2996, 4, 419),
(2997, 5, 420),
(2998, 6, 420),
(2999, 7, 420),
(3000, 8, 420),
(3001, 5, 421),
(3002, 6, 421),
(3003, 7, 421),
(3004, 8, 421),
(3005, 1, 422),
(3006, 2, 422),
(3007, 3, 423),
(3008, 4, 423),
(3009, 5, 424),
(3010, 6, 424),
(3011, 7, 424),
(3012, 8, 424),
(3013, 1, 425),
(3014, 2, 425),
(3015, 5, 426),
(3016, 6, 426),
(3017, 7, 427),
(3018, 8, 427),
(3019, 1, 428),
(3020, 2, 428),
(3021, 3, 428),
(3022, 4, 428),
(3023, 5, 429),
(3024, 6, 429),
(3025, 7, 429),
(3026, 8, 429),
(3027, 1, 430),
(3028, 2, 430),
(3029, 3, 431),
(3030, 4, 431),
(3031, 7, 432),
(3032, 8, 432),
(3033, 1, 433),
(3034, 2, 433),
(3035, 3, 434),
(3036, 4, 434),
(3037, 5, 435),
(3038, 6, 435),
(3039, 1, 436),
(3040, 2, 436),
(3041, 3, 436),
(3042, 4, 436),
(3043, 5, 437),
(3044, 6, 437),
(3045, 7, 438),
(3046, 8, 438),
(3047, 9, 438),
(3048, 1, 439),
(3049, 2, 439),
(3050, 3, 440),
(3051, 4, 440),
(3052, 6, 441),
(3053, 7, 442),
(3054, 8, 442),
(3055, 9, 443),
(3056, 10, 443),
(3057, 1, 444),
(3058, 2, 444),
(3059, 3, 445),
(3060, 4, 445),
(3061, 5, 446),
(3062, 6, 446),
(3063, 7, 446),
(3064, 8, 446),
(3065, 5, 447),
(3066, 6, 447),
(3067, 7, 447),
(3068, 8, 447),
(3069, 1, 448),
(3070, 2, 448),
(3071, 3, 448),
(3072, 4, 449),
(3073, 5, 449),
(3074, 6, 449),
(3075, 1, 450),
(3076, 2, 450),
(3077, 3, 451),
(3078, 4, 451),
(3079, 7, 452),
(3080, 8, 452),
(3081, 1, 453),
(3082, 2, 453),
(3083, 3, 453),
(3084, 4, 453),
(3085, 5, 454),
(3086, 6, 454),
(3087, 7, 455),
(3088, 8, 455),
(3089, 1, 456),
(3090, 2, 456),
(3091, 3, 457),
(3092, 4, 457),
(3093, 5, 458),
(3094, 6, 458),
(3095, 7, 459),
(3096, 8, 459),
(3097, 1, 460),
(3098, 2, 460),
(3099, 3, 461),
(3100, 4, 461),
(3101, 5, 462),
(3102, 6, 462),
(3103, 1, 463),
(3104, 2, 463),
(3105, 3, 463),
(3106, 4, 463),
(3107, 5, 464),
(3108, 6, 464),
(3109, 7, 464),
(3110, 8, 464),
(3111, 7, 465),
(3112, 8, 465),
(3113, 9, 465),
(3114, 5, 466),
(3115, 6, 466),
(3116, 7, 466),
(3117, 5, 467),
(3118, 6, 467),
(3119, 7, 467),
(3120, 8, 467),
(3121, 1, 468),
(3122, 2, 468),
(3123, 3, 469),
(3124, 4, 469),
(3125, 5, 470),
(3126, 6, 470),
(3127, 7, 471),
(3128, 8, 471),
(3129, 9, 471),
(3130, 10, 472),
(3131, 5, 473),
(3132, 6, 473),
(3133, 7, 473),
(3134, 8, 473),
(3135, 1, 474),
(3136, 2, 474),
(3137, 3, 475),
(3138, 4, 475),
(3139, 5, 476),
(3140, 6, 476),
(3141, 7, 476),
(3142, 8, 476),
(3143, 9, 477),
(3144, 10, 477),
(3145, 1, 478),
(3146, 2, 478),
(3147, 3, 479),
(3148, 4, 479),
(3149, 1, 480),
(3150, 2, 480),
(3151, 5, 481),
(3152, 6, 481),
(3153, 7, 482),
(3154, 8, 482),
(3155, 3, 483),
(3156, 4, 483),
(3157, 5, 484),
(3158, 6, 484),
(3159, 7, 485),
(3160, 8, 485),
(3161, 1, 486),
(3162, 2, 486),
(3163, 3, 487),
(3164, 4, 487),
(3165, 5, 488),
(3166, 6, 488),
(3167, 7, 489),
(3168, 8, 489),
(3169, 1, 490),
(3170, 2, 490),
(3171, 3, 491),
(3172, 4, 491),
(3173, 5, 492),
(3174, 6, 492),
(3175, 7, 493),
(3176, 8, 493),
(3177, 5, 494),
(3178, 6, 494),
(3179, 7, 494),
(3180, 8, 494),
(3181, 1, 495),
(3182, 2, 495),
(3183, 5, 496),
(3184, 6, 496),
(3185, 7, 496),
(3186, 8, 496),
(3187, 1, 497),
(3188, 2, 497),
(3189, 3, 498),
(3190, 4, 498),
(3191, 5, 499),
(3192, 6, 499),
(3193, 7, 499),
(3194, 8, 499),
(3195, 1, 500),
(3196, 2, 500),
(3197, 5, 501),
(3198, 6, 501),
(3199, 7, 502),
(3200, 8, 502),
(3201, 3, 503),
(3202, 4, 503),
(3203, 5, 504),
(3204, 6, 504),
(3205, 7, 504),
(3206, 8, 504),
(3207, 1, 505),
(3208, 2, 505),
(3209, 3, 506),
(3210, 4, 506),
(3211, 5, 507),
(3212, 6, 507),
(3213, 9, 508),
(3214, 1, 509),
(3215, 2, 509),
(3216, 3, 510),
(3217, 4, 510),
(3218, 5, 511),
(3219, 6, 511),
(3220, 7, 512),
(3221, 8, 512),
(3222, 1, 513),
(3223, 2, 513),
(3224, 3, 514),
(3225, 4, 514),
(3226, 7, 515),
(3227, 8, 515),
(3228, 9, 516),
(3229, 10, 516),
(3230, 1, 517),
(3231, 2, 517),
(3232, 3, 518),
(3233, 4, 518),
(3234, 5, 519),
(3235, 6, 519),
(3236, 7, 520),
(3237, 8, 520),
(3238, 1, 521),
(3239, 2, 521),
(3240, 3, 522),
(3241, 4, 522),
(3242, 1, 523),
(3243, 2, 523),
(3244, 3, 524),
(3245, 4, 524),
(3246, 7, 525),
(3247, 8, 525),
(3248, 9, 525),
(3249, 10, 525),
(3250, 1, 526),
(3251, 2, 526),
(3252, 3, 526),
(3253, 4, 526),
(3254, 5, 527),
(3255, 6, 527),
(3256, 7, 528),
(3257, 8, 528),
(3258, 1, 529),
(3259, 2, 529),
(3260, 3, 530),
(3261, 4, 530),
(3262, 5, 531),
(3263, 6, 531),
(3264, 7, 531),
(3265, 8, 531),
(3266, 3, 532),
(3267, 4, 532),
(3268, 3, 533),
(3269, 4, 533),
(3270, 5, 534),
(3271, 6, 534),
(3272, 7, 535),
(3273, 8, 535),
(3274, 9, 535),
(3275, 1, 536),
(3276, 2, 536),
(3277, 3, 536),
(3278, 4, 536),
(3279, 5, 537),
(3280, 6, 537),
(3281, 7, 538),
(3282, 8, 538),
(3283, 9, 539),
(3284, 1, 540),
(3285, 2, 540),
(3286, 3, 541),
(3287, 4, 541),
(3288, 5, 542),
(3289, 6, 542),
(3290, 7, 543),
(3291, 8, 543),
(3292, 1, 544),
(3293, 2, 544),
(3294, 3, 545),
(3295, 4, 545),
(3296, 5, 546),
(3297, 6, 546),
(3298, 7, 546),
(3299, 8, 546),
(3300, 1, 547),
(3301, 2, 547),
(3302, 5, 548),
(3303, 6, 548),
(3304, 7, 548),
(3305, 8, 548),
(3306, 2, 549),
(3307, 3, 550),
(3308, 4, 550),
(3309, 5, 551),
(3310, 6, 551),
(3311, 7, 552),
(3312, 8, 552),
(3313, 1, 553),
(3314, 2, 553),
(3315, 3, 554),
(3316, 4, 554),
(3317, 5, 555),
(3318, 6, 555),
(3319, 7, 556),
(3320, 8, 556),
(3321, 9, 556),
(3322, 10, 556),
(3323, 3, 557),
(3324, 4, 557),
(3325, 5, 558),
(3326, 6, 558),
(3327, 1, 559),
(3328, 2, 559),
(3329, 3, 559),
(3330, 4, 559),
(3331, 5, 560),
(3332, 6, 560),
(3333, 7, 560),
(3334, 7, 561),
(3335, 8, 561),
(3336, 1, 562),
(3337, 2, 562),
(3338, 3, 563),
(3339, 4, 563),
(3340, 5, 564),
(3341, 6, 564),
(3342, 3, 565),
(3343, 4, 565),
(3344, 7, 566),
(3345, 8, 566),
(3346, 5, 567),
(3347, 6, 567),
(3348, 1, 568),
(3349, 2, 568),
(3350, 7, 569),
(3351, 8, 569),
(3352, 1, 570),
(3353, 2, 570),
(3354, 3, 571),
(3355, 4, 571),
(3356, 1, 572),
(3357, 2, 572),
(3358, 3, 573),
(3359, 4, 573),
(3360, 5, 574),
(3361, 6, 574),
(3362, 7, 575),
(3363, 8, 575),
(3364, 1, 576),
(3365, 2, 576),
(3366, 3, 577),
(3367, 4, 577),
(3368, 5, 578),
(3369, 6, 578),
(3370, 1, 579),
(3371, 2, 579),
(3372, 3, 580),
(3373, 4, 580),
(3374, 5, 581),
(3375, 6, 581),
(3376, 1, 582),
(3377, 2, 582),
(3378, 3, 583),
(3379, 4, 583),
(3380, 5, 584),
(3381, 6, 584),
(3382, 7, 584),
(3383, 1, 585),
(3384, 2, 585),
(3385, 3, 586),
(3386, 4, 586),
(3387, 5, 587),
(3388, 6, 587),
(3389, 1, 588),
(3390, 2, 588),
(3391, 5, 589),
(3392, 6, 589),
(3393, 7, 590),
(3394, 8, 590),
(3395, 1, 591),
(3396, 2, 591),
(3397, 3, 592),
(3398, 4, 592),
(3399, 1, 593),
(3400, 2, 593),
(3401, 3, 594),
(3402, 4, 594),
(3403, 5, 595),
(3404, 6, 595),
(3405, 7, 596),
(3406, 8, 596),
(3407, 1, 597),
(3408, 2, 597),
(3409, 3, 598),
(3410, 4, 598),
(3411, 5, 599),
(3412, 6, 599),
(3413, 7, 600),
(3414, 8, 600),
(3415, 1, 601),
(3416, 2, 601),
(3417, 3, 602),
(3418, 4, 602),
(3419, 5, 603),
(3420, 6, 603),
(3421, 7, 604),
(3422, 1, 605),
(3423, 2, 605),
(3424, 3, 606),
(3425, 4, 606),
(3426, 5, 607),
(3427, 6, 607),
(3428, 7, 608),
(3429, 8, 608),
(3430, 3, 609),
(3431, 4, 609),
(3432, 5, 610),
(3433, 6, 610),
(3434, 7, 611),
(3435, 8, 611),
(3436, 1, 612),
(3437, 2, 612),
(3438, 3, 613),
(3439, 4, 613),
(3440, 1, 614),
(3441, 2, 614),
(3442, 3, 614),
(3443, 4, 614),
(3444, 5, 615),
(3445, 6, 615),
(3446, 7, 615),
(3447, 8, 615),
(3448, 5, 616),
(3449, 6, 616),
(3450, 1, 617),
(3451, 2, 617),
(3452, 3, 617),
(3453, 4, 617),
(3454, 5, 618),
(3455, 6, 618),
(3456, 7, 618),
(3457, 8, 618),
(3458, 1, 619),
(3459, 2, 619),
(3460, 3, 619),
(3461, 4, 619),
(3462, 5, 620),
(3463, 6, 620),
(3464, 7, 620),
(3465, 8, 620),
(3466, 5, 621),
(3467, 6, 621),
(3468, 7, 621),
(3469, 8, 621),
(3470, 5, 622),
(3471, 6, 622),
(3472, 7, 622),
(3473, 8, 622),
(3474, 1, 623),
(3475, 2, 623),
(3476, 3, 623),
(3477, 4, 623),
(3478, 1, 624),
(3479, 2, 624),
(3480, 3, 624),
(3481, 4, 624),
(3482, 5, 625),
(3483, 6, 625),
(3484, 7, 625),
(3485, 8, 625),
(3486, 5, 626),
(3487, 6, 626),
(3488, 7, 626),
(3489, 8, 626),
(3490, 7, 627),
(3491, 8, 627),
(3492, 9, 627),
(3493, 10, 627),
(3494, 5, 628),
(3495, 6, 628),
(3496, 7, 628),
(3497, 8, 628),
(3498, 5, 629),
(3499, 6, 629),
(3500, 7, 629),
(3501, 8, 629),
(3502, 5, 630),
(3503, 6, 630),
(3504, 7, 630),
(3505, 8, 630),
(3506, 5, 631),
(3507, 6, 631),
(3508, 7, 631),
(3509, 8, 631),
(3510, 1, 632),
(3511, 2, 632),
(3512, 3, 632),
(3513, 4, 632),
(3514, 1, 633),
(3515, 2, 633),
(3516, 3, 633),
(3517, 4, 633),
(3518, 5, 634),
(3519, 6, 634),
(3520, 7, 634),
(3521, 8, 634),
(3522, 5, 635),
(3523, 6, 635),
(3524, 7, 635),
(3525, 8, 635),
(3526, 7, 636),
(3527, 8, 636),
(3528, 9, 636),
(3529, 10, 636),
(3530, 5, 637),
(3531, 6, 637),
(3532, 7, 637),
(3533, 8, 637),
(3534, 5, 638),
(3535, 6, 638),
(3536, 7, 638),
(3537, 8, 638),
(3538, 5, 639),
(3539, 6, 639),
(3540, 7, 639),
(3541, 8, 639),
(3542, 5, 640),
(3543, 6, 640),
(3544, 7, 640),
(3545, 8, 640),
(3546, 1, 641),
(3547, 2, 641),
(3548, 3, 641),
(3549, 4, 641),
(3550, 1, 642),
(3551, 2, 642),
(3552, 3, 642),
(3553, 4, 642),
(3554, 5, 643),
(3555, 6, 643),
(3556, 7, 643),
(3557, 8, 643),
(3558, 5, 644),
(3559, 6, 644),
(3560, 7, 644),
(3561, 8, 644),
(3562, 7, 645),
(3563, 8, 645),
(3564, 9, 645),
(3565, 10, 645),
(3566, 5, 646),
(3567, 6, 646),
(3568, 7, 646),
(3569, 8, 646),
(3570, 1, 647),
(3571, 2, 647),
(3572, 5, 648),
(3573, 6, 648),
(3574, 1, 649),
(3575, 2, 649),
(3576, 7, 650),
(3577, 8, 650),
(3578, 1, 651),
(3579, 2, 651),
(3580, 3, 652),
(3581, 4, 652),
(3582, 5, 653),
(3583, 6, 653),
(3584, 3, 654),
(3585, 4, 654),
(3586, 5, 655),
(3587, 6, 655),
(3588, 5, 656),
(3589, 6, 656),
(3590, 5, 657),
(3591, 6, 657),
(3592, 7, 657),
(3593, 8, 657),
(3594, 9, 657),
(3595, 10, 657),
(3596, 5, 658),
(3597, 6, 658),
(3598, 7, 659),
(3599, 8, 659),
(3600, 5, 660),
(3601, 6, 660),
(3602, 7, 660),
(3603, 8, 660),
(3604, 5, 661),
(3605, 6, 661),
(3606, 7, 661),
(3607, 8, 661),
(3608, 5, 662),
(3609, 6, 662),
(3610, 7, 662),
(3611, 8, 662),
(3612, 1, 663),
(3613, 2, 663),
(3614, 3, 663),
(3615, 4, 663),
(3616, 1, 664),
(3617, 2, 664),
(3618, 3, 664),
(3619, 4, 664),
(3620, 5, 665),
(3621, 6, 665),
(3622, 7, 665),
(3623, 8, 665),
(3624, 5, 666),
(3625, 6, 666),
(3626, 7, 666),
(3627, 8, 666),
(3628, 5, 667),
(3629, 6, 667),
(3630, 7, 667),
(3631, 8, 667),
(3632, 5, 668),
(3633, 6, 668),
(3634, 5, 669),
(3635, 6, 669),
(3636, 7, 669),
(3637, 8, 669),
(3638, 5, 670),
(3639, 6, 670),
(3640, 7, 670),
(3641, 8, 670),
(3642, 5, 671),
(3643, 6, 671),
(3644, 7, 671),
(3645, 8, 671),
(3646, 1, 672),
(3647, 2, 672),
(3648, 3, 672),
(3649, 4, 672),
(3650, 1, 673),
(3651, 2, 673),
(3652, 3, 673),
(3653, 4, 673),
(3654, 5, 674),
(3655, 6, 674),
(3656, 7, 674),
(3657, 8, 674),
(3658, 5, 675),
(3659, 6, 675),
(3660, 7, 675),
(3661, 8, 675),
(3662, 5, 676),
(3663, 6, 676),
(3664, 7, 676),
(3665, 8, 676),
(3666, 5, 677),
(3667, 6, 677),
(3668, 5, 678),
(3669, 6, 678),
(3670, 7, 678),
(3671, 8, 678),
(3672, 5, 679),
(3673, 6, 679),
(3674, 7, 679),
(3675, 8, 679),
(3676, 1, 680),
(3677, 2, 680),
(3678, 3, 680),
(3679, 4, 680),
(3680, 7, 681),
(3681, 8, 681),
(3682, 9, 681),
(3683, 10, 681),
(3684, 1, 682),
(3685, 2, 682),
(3686, 3, 682),
(3687, 4, 682),
(3688, 5, 683),
(3689, 6, 683),
(3690, 7, 683),
(3691, 8, 683),
(3692, 1, 684),
(3693, 2, 684),
(3694, 3, 684),
(3695, 4, 684),
(3696, 5, 685),
(3697, 6, 685),
(3698, 7, 685),
(3699, 8, 685),
(3700, 5, 686),
(3701, 6, 686),
(3702, 7, 686),
(3703, 8, 686),
(3704, 7, 687),
(3705, 8, 687),
(3706, 9, 687),
(3707, 10, 687),
(3708, 1, 688),
(3709, 2, 688),
(3710, 3, 688),
(3711, 4, 688),
(3712, 1, 689),
(3713, 2, 689),
(3714, 3, 689),
(3715, 4, 689),
(3716, 1, 690),
(3717, 2, 690),
(3718, 3, 690),
(3719, 4, 690),
(3720, 1, 691),
(3721, 2, 691),
(3722, 3, 691),
(3723, 4, 691),
(3724, 5, 692),
(3725, 6, 692),
(3726, 7, 692),
(3727, 8, 692),
(3728, 1, 693),
(3729, 2, 693),
(3730, 3, 693),
(3731, 4, 693),
(3732, 5, 694),
(3733, 6, 694),
(3734, 7, 694),
(3735, 8, 694),
(3736, 5, 695),
(3737, 6, 695),
(3738, 7, 695),
(3739, 8, 695),
(3740, 7, 696),
(3741, 8, 696),
(3742, 9, 696),
(3743, 10, 696),
(3744, 1, 697),
(3745, 2, 697),
(3746, 3, 697),
(3747, 4, 697),
(3748, 5, 698),
(3749, 6, 698),
(3750, 7, 698),
(3751, 8, 698),
(3752, 1, 699),
(3753, 2, 699),
(3754, 3, 699),
(3755, 4, 699),
(3756, 1, 700),
(3757, 2, 700),
(3758, 3, 700),
(3759, 4, 700),
(3760, 1, 701),
(3761, 2, 701),
(3762, 3, 701),
(3763, 4, 701),
(3764, 7, 702),
(3765, 8, 702),
(3766, 9, 702),
(3767, 10, 702),
(3768, 1, 703),
(3769, 2, 703),
(3770, 3, 703),
(3771, 4, 703),
(3772, 5, 704),
(3773, 6, 704),
(3774, 7, 704),
(3775, 8, 704),
(3776, 5, 705),
(3777, 6, 705),
(3778, 7, 705),
(3779, 8, 705),
(3780, 5, 706),
(3781, 6, 706),
(3782, 7, 706),
(3783, 8, 706),
(3784, 1, 707),
(3785, 2, 707),
(3786, 3, 707),
(3787, 4, 707),
(3788, 5, 708),
(3789, 6, 708),
(3790, 7, 708),
(3791, 8, 708),
(3792, 1, 709),
(3793, 2, 709),
(3794, 3, 709),
(3795, 4, 709),
(3796, 1, 710),
(3797, 2, 710),
(3798, 3, 710),
(3799, 4, 710),
(3800, 7, 711),
(3801, 8, 711),
(3802, 9, 711),
(3803, 10, 711),
(3804, 1, 712),
(3805, 2, 712),
(3806, 3, 712),
(3807, 4, 712),
(3808, 5, 713),
(3809, 6, 713),
(3810, 7, 713),
(3811, 8, 713),
(3812, 1, 714),
(3813, 2, 714),
(3814, 3, 714),
(3815, 4, 714),
(3816, 5, 715),
(3817, 6, 715),
(3818, 7, 715),
(3819, 8, 715),
(3820, 5, 716),
(3821, 6, 716),
(3822, 7, 716),
(3823, 8, 716),
(3824, 1, 717),
(3825, 2, 717),
(3826, 3, 717),
(3827, 4, 717),
(3828, 5, 718),
(3829, 6, 718),
(3830, 7, 718),
(3831, 8, 718),
(3832, 7, 719),
(3833, 8, 719),
(3834, 1, 720),
(3835, 2, 720),
(3836, 3, 720),
(3837, 4, 721),
(3838, 5, 721),
(3839, 6, 721),
(3840, 7, 722),
(3841, 8, 722),
(3842, 9, 722),
(3843, 7, 723),
(3844, 8, 723),
(3845, 9, 723),
(3846, 1, 724),
(3847, 2, 724),
(3848, 3, 724),
(3849, 1, 725),
(3850, 2, 725),
(3851, 3, 725),
(3852, 4, 726),
(3853, 5, 726),
(3854, 6, 726),
(3855, 7, 727),
(3856, 8, 727),
(3857, 9, 728),
(3858, 10, 728),
(3859, NULL, 728),
(3860, NULL, 728),
(3861, 5, 729),
(3862, 6, 729),
(3863, 7, 730),
(3864, 8, 730),
(3865, 9, 730),
(3866, 1, 731),
(3867, 2, 731),
(3868, 3, 731),
(3869, 4, 732),
(3870, 5, 732),
(3871, 6, 732),
(3872, 4, 733),
(3873, 5, 733),
(3874, 6, 733),
(3875, 4, 734),
(3876, 5, 734),
(3877, 6, 734),
(3878, 7, 735),
(3879, 8, 735),
(3880, 9, 735),
(3881, 7, 736),
(3882, 8, 736),
(3883, 9, 736),
(3884, 1, 737),
(3885, 2, 737),
(3886, 3, 737),
(3887, 4, 737),
(3888, 7, 738),
(3889, 8, 738),
(3890, 9, 738),
(3891, 10, 738),
(3892, 1, 739),
(3893, 2, 739),
(3894, 3, 739),
(3895, 4, 739),
(3896, 7, 740),
(3897, 8, 740),
(3898, 9, 740),
(3899, 10, 740),
(3900, 3, 741),
(3901, 4, 741),
(3902, 5, 742),
(3903, 6, 742),
(3904, 7, 743),
(3905, 8, 743),
(3906, 9, 743);

-- --------------------------------------------------------

--
-- Structure de la table `weekdays`
--

CREATE TABLE `weekdays` (
  `weekday_id` int(11) NOT NULL,
  `name_fr` varchar(100) DEFAULT NULL,
  `name_en` varchar(100) DEFAULT NULL,
  `name_de` varchar(100) DEFAULT NULL
) ENGINE=InnoDB DEFAULT CHARSET=utf8;

--
-- Déchargement des données de la table `weekdays`
--

INSERT INTO `weekdays` (`weekday_id`, `name_fr`, `name_en`, `name_de`) VALUES
(1, 'Lundi', 'Monday', 'Montag'),
(2, 'Mardi', 'Tuesday', 'Dienstag'),
(3, 'Mercredi', 'Wednesday', 'Mittwoch'),
(4, 'Jeudi', 'Thursday', 'Donnerstag'),
(5, 'Vendredi', 'Friday', 'Freitag'),
(6, 'Samedi', 'Saturday', 'Samstag'),
(7, 'Dimanche', 'Sunday', 'Sonntag');

--
-- Index pour les tables déchargées
--

--
-- Index pour la table `courses`
--
ALTER TABLE `courses`
  ADD PRIMARY KEY (`course_id`);

--
-- Index pour la table `registrations`
--
ALTER TABLE `registrations`
  ADD PRIMARY KEY (`registration_id`),
  ADD KEY `idx_registrations_weekday_id` (`weekday_id`),
  ADD KEY `idx_registrations_course_id` (`course_id`),
  ADD KEY `idx_registrations_room_id` (`room_id`);

--
-- Index pour la table `rooms`
--
ALTER TABLE `rooms`
  ADD PRIMARY KEY (`room_id`);

--
-- Index pour la table `timeslots`
--
ALTER TABLE `timeslots`
  ADD PRIMARY KEY (`timeslot_id`);

--
-- Index pour la table `timeslots_registrations`
--
ALTER TABLE `timeslots_registrations`
  ADD PRIMARY KEY (`ts_reg_id`),
  ADD KEY `idx_timeslots_registrations_timeslot_id` (`timeslot_id`),
  ADD KEY `idx_timeslots_registrations_registration_id` (`registration_id`);

--
-- Index pour la table `weekdays`
--
ALTER TABLE `weekdays`
  ADD PRIMARY KEY (`weekday_id`);

--
-- AUTO_INCREMENT pour les tables déchargées
--

--
-- AUTO_INCREMENT pour la table `courses`
--
ALTER TABLE `courses`
  MODIFY `course_id` int(11) NOT NULL AUTO_INCREMENT, AUTO_INCREMENT=956;

--
-- AUTO_INCREMENT pour la table `registrations`
--
ALTER TABLE `registrations`
  MODIFY `registration_id` int(11) NOT NULL AUTO_INCREMENT, AUTO_INCREMENT=744;

--
-- AUTO_INCREMENT pour la table `rooms`
--
ALTER TABLE `rooms`
  MODIFY `room_id` int(11) NOT NULL AUTO_INCREMENT, AUTO_INCREMENT=111;

--
-- AUTO_INCREMENT pour la table `timeslots`
--
ALTER TABLE `timeslots`
  MODIFY `timeslot_id` int(11) NOT NULL AUTO_INCREMENT, AUTO_INCREMENT=11;

--
-- AUTO_INCREMENT pour la table `timeslots_registrations`
--
ALTER TABLE `timeslots_registrations`
  MODIFY `ts_reg_id` int(11) NOT NULL AUTO_INCREMENT, AUTO_INCREMENT=3907;

--
-- AUTO_INCREMENT pour la table `weekdays`
--
ALTER TABLE `weekdays`
  MODIFY `weekday_id` int(11) NOT NULL AUTO_INCREMENT, AUTO_INCREMENT=8;

--
-- Contraintes pour les tables déchargées
--

--
-- Contraintes pour la table `registrations`
--
ALTER TABLE `registrations`
  ADD CONSTRAINT `fk_registrations_courses` FOREIGN KEY (`course_id`) REFERENCES `courses` (`course_id`) ON DELETE NO ACTION ON UPDATE NO ACTION,
  ADD CONSTRAINT `fk_registrations_rooms` FOREIGN KEY (`room_id`) REFERENCES `rooms` (`room_id`) ON DELETE NO ACTION ON UPDATE NO ACTION,
  ADD CONSTRAINT `fk_registrations_weekdays` FOREIGN KEY (`weekday_id`) REFERENCES `weekdays` (`weekday_id`) ON DELETE NO ACTION ON UPDATE NO ACTION;

--
-- Contraintes pour la table `timeslots_registrations`
--
ALTER TABLE `timeslots_registrations`
  ADD CONSTRAINT `fk_timeslots_registrations` FOREIGN KEY (`timeslot_id`) REFERENCES `timeslots` (`timeslot_id`) ON DELETE NO ACTION ON UPDATE NO ACTION,
  ADD CONSTRAINT `fk_timeslots_registrations2` FOREIGN KEY (`registration_id`) REFERENCES `registrations` (`registration_id`) ON DELETE NO ACTION ON UPDATE NO ACTION;
